table,cell,seed,method,sample,acc,nce
ER-Reg,sparse@0,0,proj_dcx,0,0.99,1030.0
ER-Reg,sparse@0,0,proj_dcx,1,0.992,1014.0
ER-Reg,sparse@0,0,proj_dcx,2,0.984,985.0
ER-Reg,sparse@0,0,proj_dcx,3,0.99,1016.0
ER-Reg,sparse@0,0,proj_dcx,4,0.984,975.0
ER-Reg,sparse@0,0,proj_dcx,5,0.978,987.0
ER-Reg,sparse@0,0,proj_dcx,6,0.972,963.0
ER-Reg,sparse@0,0,proj_dcx,7,0.982,1025.0
ER-Reg,sparse@0,0,proj_dcx,8,0.978,989.0
ER-Reg,sparse@0,0,proj_dcx,9,0.978,996.0
ER-Reg,sparse@0,0,proj_dcx,10,0.982,1024.0
ER-Reg,sparse@0,0,proj_dcx,11,0.982,963.0
ER-Reg,sparse@0,0,proj_dcx,12,0.972,979.0
ER-Reg,sparse@0,0,proj_dcx,13,0.984,1003.0
ER-Reg,sparse@0,0,proj_dcx,14,0.98,1031.0
ER-Reg,sparse@0,0,proj_dcx,15,0.984,1020.0
ER-Reg,sparse@0,0,proj_dcx,16,0.97,944.0
ER-Reg,sparse@0,0,proj_dcx,17,0.98,956.0
ER-Reg,sparse@0,0,proj_dcx,18,0.972,950.0
ER-Reg,sparse@0,0,proj_dcx,19,0.97,995.0
ER-Reg,sparse@0,0,proj_dcx,20,0.992,1025.0
ER-Reg,sparse@0,0,proj_dcx,21,0.984,991.0
ER-Reg,sparse@0,0,proj_dcx,22,0.976,997.0
ER-Reg,sparse@0,0,proj_dcx,23,0.988,1042.0
ER-Reg,sparse@0,0,proj_dcx,24,0.986,1025.0
ER-Reg,sparse@0,0,proj_dcx,25,0.976,972.0
ER-Reg,sparse@0,0,proj_dcx,26,0.986,1051.0
ER-Reg,sparse@0,0,proj_dcx,27,0.982,934.0
ER-Reg,sparse@0,0,proj_dcx,28,0.988,1006.0
ER-Reg,sparse@0,0,proj_dcx,29,0.98,929.0
ER-Reg,sparse@0,0,faq_dcx,0,0.984,1030.0
ER-Reg,sparse@0,0,faq_dcx,1,0.992,1014.0
ER-Reg,sparse@0,0,faq_dcx,2,0.982,985.0
ER-Reg,sparse@0,0,faq_dcx,3,0.99,1016.0
ER-Reg,sparse@0,0,faq_dcx,4,0.982,975.0
ER-Reg,sparse@0,0,faq_dcx,5,0.978,987.0
ER-Reg,sparse@0,0,faq_dcx,6,0.974,963.0
ER-Reg,sparse@0,0,faq_dcx,7,0.974,1025.0
ER-Reg,sparse@0,0,faq_dcx,8,0.98,989.0
ER-Reg,sparse@0,0,faq_dcx,9,0.986,996.0
ER-Reg,sparse@0,0,faq_dcx,10,0.986,1024.0
ER-Reg,sparse@0,0,faq_dcx,11,0.988,963.0
ER-Reg,sparse@0,0,faq_dcx,12,0.972,979.0
ER-Reg,sparse@0,0,faq_dcx,13,0.984,1003.0
ER-Reg,sparse@0,0,faq_dcx,14,0.982,1031.0
ER-Reg,sparse@0,0,faq_dcx,15,0.986,1020.0
ER-Reg,sparse@0,0,faq_dcx,16,0.972,944.0
ER-Reg,sparse@0,0,faq_dcx,17,0.976,956.0
ER-Reg,sparse@0,0,faq_dcx,18,0.98,950.0
ER-Reg,sparse@0,0,faq_dcx,19,0.974,995.0
ER-Reg,sparse@0,0,faq_dcx,20,0.992,1025.0
ER-Reg,sparse@0,0,faq_dcx,21,0.984,991.0
ER-Reg,sparse@0,0,faq_dcx,22,0.982,997.0
ER-Reg,sparse@0,0,faq_dcx,23,0.988,1042.0
ER-Reg,sparse@0,0,faq_dcx,24,0.988,1025.0
ER-Reg,sparse@0,0,faq_dcx,25,0.978,972.0
ER-Reg,sparse@0,0,faq_dcx,26,0.984,1051.0
ER-Reg,sparse@0,0,faq_dcx,27,0.984,934.0
ER-Reg,sparse@0,0,faq_dcx,28,0.992,1006.0
ER-Reg,sparse@0,0,faq_dcx,29,0.982,929.0
ER-Reg,sparse@0,0,fgnn_proj,0,1.0,1030.0
ER-Reg,sparse@0,0,fgnn_proj,1,1.0,1014.0
ER-Reg,sparse@0,0,fgnn_proj,2,1.0,985.0
ER-Reg,sparse@0,0,fgnn_proj,3,1.0,1016.0
ER-Reg,sparse@0,0,fgnn_proj,4,1.0,975.0
ER-Reg,sparse@0,0,fgnn_proj,5,1.0,987.0
ER-Reg,sparse@0,0,fgnn_proj,6,1.0,963.0
ER-Reg,sparse@0,0,fgnn_proj,7,1.0,1025.0
ER-Reg,sparse@0,0,fgnn_proj,8,1.0,989.0
ER-Reg,sparse@0,0,fgnn_proj,9,1.0,996.0
ER-Reg,sparse@0,0,fgnn_proj,10,1.0,1024.0
ER-Reg,sparse@0,0,fgnn_proj,11,1.0,963.0
ER-Reg,sparse@0,0,fgnn_proj,12,1.0,979.0
ER-Reg,sparse@0,0,fgnn_proj,13,1.0,1003.0
ER-Reg,sparse@0,0,fgnn_proj,14,1.0,1031.0
ER-Reg,sparse@0,0,fgnn_proj,15,1.0,1020.0
ER-Reg,sparse@0,0,fgnn_proj,16,1.0,944.0
ER-Reg,sparse@0,0,fgnn_proj,17,1.0,956.0
ER-Reg,sparse@0,0,fgnn_proj,18,1.0,950.0
ER-Reg,sparse@0,0,fgnn_proj,19,1.0,995.0
ER-Reg,sparse@0,0,fgnn_proj,20,1.0,1025.0
ER-Reg,sparse@0,0,fgnn_proj,21,1.0,991.0
ER-Reg,sparse@0,0,fgnn_proj,22,1.0,997.0
ER-Reg,sparse@0,0,fgnn_proj,23,1.0,1042.0
ER-Reg,sparse@0,0,fgnn_proj,24,1.0,1025.0
ER-Reg,sparse@0,0,fgnn_proj,25,1.0,972.0
ER-Reg,sparse@0,0,fgnn_proj,26,1.0,1051.0
ER-Reg,sparse@0,0,fgnn_proj,27,1.0,934.0
ER-Reg,sparse@0,0,fgnn_proj,28,1.0,1006.0
ER-Reg,sparse@0,0,fgnn_proj,29,1.0,929.0
ER-Reg,sparse@0,0,fgnn_faq,0,0.992,1030.0
ER-Reg,sparse@0,0,fgnn_faq,1,0.994,1014.0
ER-Reg,sparse@0,0,fgnn_faq,2,0.99,985.0
ER-Reg,sparse@0,0,fgnn_faq,3,0.99,1016.0
ER-Reg,sparse@0,0,fgnn_faq,4,0.982,975.0
ER-Reg,sparse@0,0,fgnn_faq,5,0.978,987.0
ER-Reg,sparse@0,0,fgnn_faq,6,0.972,963.0
ER-Reg,sparse@0,0,fgnn_faq,7,0.98,1025.0
ER-Reg,sparse@0,0,fgnn_faq,8,0.976,989.0
ER-Reg,sparse@0,0,fgnn_faq,9,0.98,996.0
ER-Reg,sparse@0,0,fgnn_faq,10,0.984,1024.0
ER-Reg,sparse@0,0,fgnn_faq,11,0.988,963.0
ER-Reg,sparse@0,0,fgnn_faq,12,0.97,979.0
ER-Reg,sparse@0,0,fgnn_faq,13,0.992,1003.0
ER-Reg,sparse@0,0,fgnn_faq,14,0.982,1031.0
ER-Reg,sparse@0,0,fgnn_faq,15,0.988,1020.0
ER-Reg,sparse@0,0,fgnn_faq,16,0.98,944.0
ER-Reg,sparse@0,0,fgnn_faq,17,0.984,956.0
ER-Reg,sparse@0,0,fgnn_faq,18,0.972,950.0
ER-Reg,sparse@0,0,fgnn_faq,19,0.972,995.0
ER-Reg,sparse@0,0,fgnn_faq,20,0.99,1025.0
ER-Reg,sparse@0,0,fgnn_faq,21,0.982,991.0
ER-Reg,sparse@0,0,fgnn_faq,22,0.98,997.0
ER-Reg,sparse@0,0,fgnn_faq,23,0.984,1042.0
ER-Reg,sparse@0,0,fgnn_faq,24,0.984,1025.0
ER-Reg,sparse@0,0,fgnn_faq,25,0.984,972.0
ER-Reg,sparse@0,0,fgnn_faq,26,0.982,1051.0
ER-Reg,sparse@0,0,fgnn_faq,27,0.982,934.0
ER-Reg,sparse@0,0,fgnn_faq,28,0.99,1006.0
ER-Reg,sparse@0,0,fgnn_faq,29,0.984,929.0
ER-Reg,sparse@0,0,chfgnn_proj,0,0.988,1030.0
ER-Reg,sparse@0,0,chfgnn_proj,1,0.992,1014.0
ER-Reg,sparse@0,0,chfgnn_proj,2,0.984,985.0
ER-Reg,sparse@0,0,chfgnn_proj,3,0.986,1016.0
ER-Reg,sparse@0,0,chfgnn_proj,4,0.988,975.0
ER-Reg,sparse@0,0,chfgnn_proj,5,0.982,987.0
ER-Reg,sparse@0,0,chfgnn_proj,6,0.974,963.0
ER-Reg,sparse@0,0,chfgnn_proj,7,0.978,1025.0
ER-Reg,sparse@0,0,chfgnn_proj,8,0.98,989.0
ER-Reg,sparse@0,0,chfgnn_proj,9,0.98,996.0
ER-Reg,sparse@0,0,chfgnn_proj,10,0.984,1024.0
ER-Reg,sparse@0,0,chfgnn_proj,11,0.988,963.0
ER-Reg,sparse@0,0,chfgnn_proj,12,0.97,979.0
ER-Reg,sparse@0,0,chfgnn_proj,13,0.994,1003.0
ER-Reg,sparse@0,0,chfgnn_proj,14,0.98,1031.0
ER-Reg,sparse@0,0,chfgnn_proj,15,0.988,1020.0
ER-Reg,sparse@0,0,chfgnn_proj,16,0.984,944.0
ER-Reg,sparse@0,0,chfgnn_proj,17,0.978,954.0
ER-Reg,sparse@0,0,chfgnn_proj,18,0.972,950.0
ER-Reg,sparse@0,0,chfgnn_proj,19,0.972,995.0
ER-Reg,sparse@0,0,chfgnn_proj,20,0.992,1025.0
ER-Reg,sparse@0,0,chfgnn_proj,21,0.986,991.0
ER-Reg,sparse@0,0,chfgnn_proj,22,0.976,997.0
ER-Reg,sparse@0,0,chfgnn_proj,23,0.988,1042.0
ER-Reg,sparse@0,0,chfgnn_proj,24,0.986,1025.0
ER-Reg,sparse@0,0,chfgnn_proj,25,0.982,972.0
ER-Reg,sparse@0,0,chfgnn_proj,26,0.986,1051.0
ER-Reg,sparse@0,0,chfgnn_proj,27,0.986,934.0
ER-Reg,sparse@0,0,chfgnn_proj,28,0.98,1006.0
ER-Reg,sparse@0,0,chfgnn_proj,29,0.976,929.0
ER-Reg,sparse@0,0,chfgnn_faq,0,0.992,1030.0
ER-Reg,sparse@0,0,chfgnn_faq,1,0.994,1014.0
ER-Reg,sparse@0,0,chfgnn_faq,2,0.986,985.0
ER-Reg,sparse@0,0,chfgnn_faq,3,0.99,1016.0
ER-Reg,sparse@0,0,chfgnn_faq,4,0.982,975.0
ER-Reg,sparse@0,0,chfgnn_faq,5,0.978,987.0
ER-Reg,sparse@0,0,chfgnn_faq,6,0.972,963.0
ER-Reg,sparse@0,0,chfgnn_faq,7,0.98,1025.0
ER-Reg,sparse@0,0,chfgnn_faq,8,0.976,989.0
ER-Reg,sparse@0,0,chfgnn_faq,9,0.98,996.0
ER-Reg,sparse@0,0,chfgnn_faq,10,0.984,1024.0
ER-Reg,sparse@0,0,chfgnn_faq,11,0.988,963.0
ER-Reg,sparse@0,0,chfgnn_faq,12,0.97,979.0
ER-Reg,sparse@0,0,chfgnn_faq,13,0.992,1003.0
ER-Reg,sparse@0,0,chfgnn_faq,14,0.982,1031.0
ER-Reg,sparse@0,0,chfgnn_faq,15,0.988,1020.0
ER-Reg,sparse@0,0,chfgnn_faq,16,0.98,944.0
ER-Reg,sparse@0,0,chfgnn_faq,17,0.978,954.0
ER-Reg,sparse@0,0,chfgnn_faq,18,0.972,950.0
ER-Reg,sparse@0,0,chfgnn_faq,19,0.972,995.0
ER-Reg,sparse@0,0,chfgnn_faq,20,0.99,1025.0
ER-Reg,sparse@0,0,chfgnn_faq,21,0.982,991.0
ER-Reg,sparse@0,0,chfgnn_faq,22,0.976,997.0
ER-Reg,sparse@0,0,chfgnn_faq,23,0.984,1042.0
ER-Reg,sparse@0,0,chfgnn_faq,24,0.984,1025.0
ER-Reg,sparse@0,0,chfgnn_faq,25,0.984,972.0
ER-Reg,sparse@0,0,chfgnn_faq,26,0.982,1051.0
ER-Reg,sparse@0,0,chfgnn_faq,27,0.982,934.0
ER-Reg,sparse@0,0,chfgnn_faq,28,0.982,1006.0
ER-Reg,sparse@0,0,chfgnn_faq,29,0.984,929.0
ER-Reg,sparse@0.05,0,proj_dcx,0,0.988,985.0
ER-Reg,sparse@0.05,0,proj_dcx,1,0.984,961.0
ER-Reg,sparse@0.05,0,proj_dcx,2,0.982,929.0
ER-Reg,sparse@0.05,0,proj_dcx,3,0.968,959.0
ER-Reg,sparse@0.05,0,proj_dcx,4,0.978,935.0
ER-Reg,sparse@0.05,0,proj_dcx,5,0.986,930.0
ER-Reg,sparse@0.05,0,proj_dcx,6,0.956,921.0
ER-Reg,sparse@0.05,0,proj_dcx,7,0.976,976.0
ER-Reg,sparse@0.05,0,proj_dcx,8,0.978,938.0
ER-Reg,sparse@0.05,0,proj_dcx,9,0.968,946.0
ER-Reg,sparse@0.05,0,proj_dcx,10,0.976,970.0
ER-Reg,sparse@0.05,0,proj_dcx,11,0.984,916.0
ER-Reg,sparse@0.05,0,proj_dcx,12,0.958,937.0
ER-Reg,sparse@0.05,0,proj_dcx,13,0.99,951.0
ER-Reg,sparse@0.05,0,proj_dcx,14,0.96,983.0
ER-Reg,sparse@0.05,0,proj_dcx,15,0.976,961.0
ER-Reg,sparse@0.05,0,proj_dcx,16,0.976,896.0
ER-Reg,sparse@0.05,0,proj_dcx,17,0.984,912.0
ER-Reg,sparse@0.05,0,proj_dcx,18,0.968,896.0
ER-Reg,sparse@0.05,0,proj_dcx,19,0.964,936.0
ER-Reg,sparse@0.05,0,proj_dcx,20,0.98,967.0
ER-Reg,sparse@0.05,0,proj_dcx,21,0.982,941.0
ER-Reg,sparse@0.05,0,proj_dcx,22,0.972,950.0
ER-Reg,sparse@0.05,0,proj_dcx,23,0.982,988.0
ER-Reg,sparse@0.05,0,proj_dcx,24,0.962,969.0
ER-Reg,sparse@0.05,0,proj_dcx,25,0.972,930.0
ER-Reg,sparse@0.05,0,proj_dcx,26,0.982,998.0
ER-Reg,sparse@0.05,0,proj_dcx,27,0.974,893.0
ER-Reg,sparse@0.05,0,proj_dcx,28,0.992,959.0
ER-Reg,sparse@0.05,0,proj_dcx,29,0.97,892.0
ER-Reg,sparse@0.05,0,faq_dcx,0,0.984,985.0
ER-Reg,sparse@0.05,0,faq_dcx,1,0.982,961.0
ER-Reg,sparse@0.05,0,faq_dcx,2,0.98,930.0
ER-Reg,sparse@0.05,0,faq_dcx,3,0.974,960.0
ER-Reg,sparse@0.05,0,faq_dcx,4,0.97,935.0
ER-Reg,sparse@0.05,0,faq_dcx,5,0.978,930.0
ER-Reg,sparse@0.05,0,faq_dcx,6,0.96,922.0
ER-Reg,sparse@0.05,0,faq_dcx,7,0.972,976.0
ER-Reg,sparse@0.05,0,faq_dcx,8,0.98,938.0
ER-Reg,sparse@0.05,0,faq_dcx,9,0.978,948.0
ER-Reg,sparse@0.05,0,faq_dcx,10,0.984,970.0
ER-Reg,sparse@0.05,0,faq_dcx,11,0.982,916.0
ER-Reg,sparse@0.05,0,faq_dcx,12,0.958,939.0
ER-Reg,sparse@0.05,0,faq_dcx,13,0.978,951.0
ER-Reg,sparse@0.05,0,faq_dcx,14,0.966,988.0
ER-Reg,sparse@0.05,0,faq_dcx,15,0.982,962.0
ER-Reg,sparse@0.05,0,faq_dcx,16,0.97,896.0
ER-Reg,sparse@0.05,0,faq_dcx,17,0.98,912.0
ER-Reg,sparse@0.05,0,faq_dcx,18,0.968,896.0
ER-Reg,sparse@0.05,0,faq_dcx,19,0.96,936.0
ER-Reg,sparse@0.05,0,faq_dcx,20,0.984,970.0
ER-Reg,sparse@0.05,0,faq_dcx,21,0.974,941.0
ER-Reg,sparse@0.05,0,faq_dcx,22,0.968,950.0
ER-Reg,sparse@0.05,0,faq_dcx,23,0.98,988.0
ER-Reg,sparse@0.05,0,faq_dcx,24,0.976,970.0
ER-Reg,sparse@0.05,0,faq_dcx,25,0.972,930.0
ER-Reg,sparse@0.05,0,faq_dcx,26,0.982,998.0
ER-Reg,sparse@0.05,0,faq_dcx,27,0.974,893.0
ER-Reg,sparse@0.05,0,faq_dcx,28,0.988,959.0
ER-Reg,sparse@0.05,0,faq_dcx,29,0.966,892.0
ER-Reg,sparse@0.05,0,fgnn_proj,0,0.932,896.0
ER-Reg,sparse@0.05,0,fgnn_proj,1,0.912,843.0
ER-Reg,sparse@0.05,0,fgnn_proj,2,0.864,779.0
ER-Reg,sparse@0.05,0,fgnn_proj,3,0.846,750.0
ER-Reg,sparse@0.05,0,fgnn_proj,4,0.892,793.0
ER-Reg,sparse@0.05,0,fgnn_proj,5,0.828,684.0
ER-Reg,sparse@0.05,0,fgnn_proj,6,0.874,783.0
ER-Reg,sparse@0.05,0,fgnn_proj,7,0.866,791.0
ER-Reg,sparse@0.05,0,fgnn_proj,8,0.914,821.0
ER-Reg,sparse@0.05,0,fgnn_proj,9,0.884,828.0
ER-Reg,sparse@0.05,0,fgnn_proj,10,0.888,813.0
ER-Reg,sparse@0.05,0,fgnn_proj,11,0.876,754.0
ER-Reg,sparse@0.05,0,fgnn_proj,12,0.9,804.0
ER-Reg,sparse@0.05,0,fgnn_proj,13,0.93,853.0
ER-Reg,sparse@0.05,0,fgnn_proj,14,0.86,828.0
ER-Reg,sparse@0.05,0,fgnn_proj,15,0.896,803.0
ER-Reg,sparse@0.05,0,fgnn_proj,16,0.876,744.0
ER-Reg,sparse@0.05,0,fgnn_proj,17,0.886,771.0
ER-Reg,sparse@0.05,0,fgnn_proj,18,0.816,658.0
ER-Reg,sparse@0.05,0,fgnn_proj,19,0.874,754.0
ER-Reg,sparse@0.05,0,fgnn_proj,20,0.866,792.0
ER-Reg,sparse@0.05,0,fgnn_proj,21,0.878,755.0
ER-Reg,sparse@0.05,0,fgnn_proj,22,0.884,802.0
ER-Reg,sparse@0.05,0,fgnn_proj,23,0.894,855.0
ER-Reg,sparse@0.05,0,fgnn_proj,24,0.858,803.0
ER-Reg,sparse@0.05,0,fgnn_proj,25,0.906,774.0
ER-Reg,sparse@0.05,0,fgnn_proj,26,0.914,884.0
ER-Reg,sparse@0.05,0,fgnn_proj,27,0.898,759.0
ER-Reg,sparse@0.05,0,fgnn_proj,28,0.926,839.0
ER-Reg,sparse@0.05,0,fgnn_proj,29,0.866,739.0
ER-Reg,sparse@0.05,0,fgnn_faq,0,0.986,985.0
ER-Reg,sparse@0.05,0,fgnn_faq,1,0.982,961.0
ER-Reg,sparse@0.05,0,fgnn_faq,2,0.984,930.0
ER-Reg,sparse@0.05,0,fgnn_faq,3,0.976,960.0
ER-Reg,sparse@0.05,0,fgnn_faq,4,0.974,935.0
ER-Reg,sparse@0.05,0,fgnn_faq,5,0.978,930.0
ER-Reg,sparse@0.05,0,fgnn_faq,6,0.962,922.0
ER-Reg,sparse@0.05,0,fgnn_faq,7,0.978,976.0
ER-Reg,sparse@0.05,0,fgnn_faq,8,0.974,938.0
ER-Reg,sparse@0.05,0,fgnn_faq,9,0.978,948.0
ER-Reg,sparse@0.05,0,fgnn_faq,10,0.976,970.0
ER-Reg,sparse@0.05,0,fgnn_faq,11,0.98,916.0
ER-Reg,sparse@0.05,0,fgnn_faq,12,0.96,939.0
ER-Reg,sparse@0.05,0,fgnn_faq,13,0.986,951.0
ER-Reg,sparse@0.05,0,fgnn_faq,14,0.968,988.0
ER-Reg,sparse@0.05,0,fgnn_faq,15,0.972,962.0
ER-Reg,sparse@0.05,0,fgnn_faq,16,0.97,896.0
ER-Reg,sparse@0.05,0,fgnn_faq,17,0.98,912.0
ER-Reg,sparse@0.05,0,fgnn_faq,18,0.964,896.0
ER-Reg,sparse@0.05,0,fgnn_faq,19,0.98,936.0
ER-Reg,sparse@0.05,0,fgnn_faq,20,0.99,970.0
ER-Reg,sparse@0.05,0,fgnn_faq,21,0.974,941.0
ER-Reg,sparse@0.05,0,fgnn_faq,22,0.964,950.0
ER-Reg,sparse@0.05,0,fgnn_faq,23,0.986,988.0
ER-Reg,sparse@0.05,0,fgnn_faq,24,0.974,970.0
ER-Reg,sparse@0.05,0,fgnn_faq,25,0.98,930.0
ER-Reg,sparse@0.05,0,fgnn_faq,26,0.982,998.0
ER-Reg,sparse@0.05,0,fgnn_faq,27,0.976,893.0
ER-Reg,sparse@0.05,0,fgnn_faq,28,0.986,959.0
ER-Reg,sparse@0.05,0,fgnn_faq,29,0.972,892.0
ER-Reg,sparse@0.05,0,chfgnn_proj,0,0.984,985.0
ER-Reg,sparse@0.05,0,chfgnn_proj,1,0.984,961.0
ER-Reg,sparse@0.05,0,chfgnn_proj,2,0.984,930.0
ER-Reg,sparse@0.05,0,chfgnn_proj,3,0.976,960.0
ER-Reg,sparse@0.05,0,chfgnn_proj,4,0.97,934.0
ER-Reg,sparse@0.05,0,chfgnn_proj,5,0.974,930.0
ER-Reg,sparse@0.05,0,chfgnn_proj,6,0.964,922.0
ER-Reg,sparse@0.05,0,chfgnn_proj,7,0.978,974.0
ER-Reg,sparse@0.05,0,chfgnn_proj,8,0.976,938.0
ER-Reg,sparse@0.05,0,chfgnn_proj,9,0.974,948.0
ER-Reg,sparse@0.05,0,chfgnn_proj,10,0.984,970.0
ER-Reg,sparse@0.05,0,chfgnn_proj,11,0.982,915.0
ER-Reg,sparse@0.05,0,chfgnn_proj,12,0.956,939.0
ER-Reg,sparse@0.05,0,chfgnn_proj,13,0.992,951.0
ER-Reg,sparse@0.05,0,chfgnn_proj,14,0.97,988.0
ER-Reg,sparse@0.05,0,chfgnn_proj,15,0.978,962.0
ER-Reg,sparse@0.05,0,chfgnn_proj,16,0.976,896.0
ER-Reg,sparse@0.05,0,chfgnn_proj,17,0.98,912.0
ER-Reg,sparse@0.05,0,chfgnn_proj,18,0.968,896.0
ER-Reg,sparse@0.05,0,chfgnn_proj,19,0.96,936.0
ER-Reg,sparse@0.05,0,chfgnn_proj,20,0.988,970.0
ER-Reg,sparse@0.05,0,chfgnn_proj,21,0.98,941.0
ER-Reg,sparse@0.05,0,chfgnn_proj,22,0.968,950.0
ER-Reg,sparse@0.05,0,chfgnn_proj,23,0.988,988.0
ER-Reg,sparse@0.05,0,chfgnn_proj,24,0.97,970.0
ER-Reg,sparse@0.05,0,chfgnn_proj,25,0.972,930.0
ER-Reg,sparse@0.05,0,chfgnn_proj,26,0.982,998.0
ER-Reg,sparse@0.05,0,chfgnn_proj,27,0.974,893.0
ER-Reg,sparse@0.05,0,chfgnn_proj,28,0.978,959.0
ER-Reg,sparse@0.05,0,chfgnn_proj,29,0.972,892.0
ER-Reg,sparse@0.05,0,chfgnn_faq,0,0.986,985.0
ER-Reg,sparse@0.05,0,chfgnn_faq,1,0.982,961.0
ER-Reg,sparse@0.05,0,chfgnn_faq,2,0.984,930.0
ER-Reg,sparse@0.05,0,chfgnn_faq,3,0.976,960.0
ER-Reg,sparse@0.05,0,chfgnn_faq,4,0.97,935.0
ER-Reg,sparse@0.05,0,chfgnn_faq,5,0.978,930.0
ER-Reg,sparse@0.05,0,chfgnn_faq,6,0.96,922.0
ER-Reg,sparse@0.05,0,chfgnn_faq,7,0.978,976.0
ER-Reg,sparse@0.05,0,chfgnn_faq,8,0.974,938.0
ER-Reg,sparse@0.05,0,chfgnn_faq,9,0.978,948.0
ER-Reg,sparse@0.05,0,chfgnn_faq,10,0.976,970.0
ER-Reg,sparse@0.05,0,chfgnn_faq,11,0.98,916.0
ER-Reg,sparse@0.05,0,chfgnn_faq,12,0.956,939.0
ER-Reg,sparse@0.05,0,chfgnn_faq,13,0.986,951.0
ER-Reg,sparse@0.05,0,chfgnn_faq,14,0.968,988.0
ER-Reg,sparse@0.05,0,chfgnn_faq,15,0.972,962.0
ER-Reg,sparse@0.05,0,chfgnn_faq,16,0.966,896.0
ER-Reg,sparse@0.05,0,chfgnn_faq,17,0.98,912.0
ER-Reg,sparse@0.05,0,chfgnn_faq,18,0.964,896.0
ER-Reg,sparse@0.05,0,chfgnn_faq,19,0.974,936.0
ER-Reg,sparse@0.05,0,chfgnn_faq,20,0.99,970.0
ER-Reg,sparse@0.05,0,chfgnn_faq,21,0.974,941.0
ER-Reg,sparse@0.05,0,chfgnn_faq,22,0.964,950.0
ER-Reg,sparse@0.05,0,chfgnn_faq,23,0.986,988.0
ER-Reg,sparse@0.05,0,chfgnn_faq,24,0.974,970.0
ER-Reg,sparse@0.05,0,chfgnn_faq,25,0.98,930.0
ER-Reg,sparse@0.05,0,chfgnn_faq,26,0.982,998.0
ER-Reg,sparse@0.05,0,chfgnn_faq,27,0.976,893.0
ER-Reg,sparse@0.05,0,chfgnn_faq,28,0.978,959.0
ER-Reg,sparse@0.05,0,chfgnn_faq,29,0.972,892.0
ER-Reg,sparse@0.1,0,proj_dcx,0,0.94,914.0
ER-Reg,sparse@0.1,0,proj_dcx,1,0.97,917.0
ER-Reg,sparse@0.1,0,proj_dcx,2,0.918,829.0
ER-Reg,sparse@0.1,0,proj_dcx,3,0.842,775.0
ER-Reg,sparse@0.1,0,proj_dcx,4,0.93,863.0
ER-Reg,sparse@0.1,0,proj_dcx,5,0.854,767.0
ER-Reg,sparse@0.1,0,proj_dcx,6,0.898,826.0
ER-Reg,sparse@0.1,0,proj_dcx,7,0.9,872.0
ER-Reg,sparse@0.1,0,proj_dcx,8,0.888,834.0
ER-Reg,sparse@0.1,0,proj_dcx,9,0.894,824.0
ER-Reg,sparse@0.1,0,proj_dcx,10,0.92,885.0
ER-Reg,sparse@0.1,0,proj_dcx,11,0.916,833.0
ER-Reg,sparse@0.1,0,proj_dcx,12,0.91,865.0
ER-Reg,sparse@0.1,0,proj_dcx,13,0.952,893.0
ER-Reg,sparse@0.1,0,proj_dcx,14,0.914,899.0
ER-Reg,sparse@0.1,0,proj_dcx,15,0.914,876.0
ER-Reg,sparse@0.1,0,proj_dcx,16,0.866,782.0
ER-Reg,sparse@0.1,0,proj_dcx,17,0.922,825.0
ER-Reg,sparse@0.1,0,proj_dcx,18,0.828,747.0
ER-Reg,sparse@0.1,0,proj_dcx,19,0.912,861.0
ER-Reg,sparse@0.1,0,proj_dcx,20,0.894,846.0
ER-Reg,sparse@0.1,0,proj_dcx,21,0.922,869.0
ER-Reg,sparse@0.1,0,proj_dcx,22,0.926,884.0
ER-Reg,sparse@0.1,0,proj_dcx,23,0.932,923.0
ER-Reg,sparse@0.1,0,proj_dcx,24,0.888,872.0
ER-Reg,sparse@0.1,0,proj_dcx,25,0.93,860.0
ER-Reg,sparse@0.1,0,proj_dcx,26,0.912,884.0
ER-Reg,sparse@0.1,0,proj_dcx,27,0.874,762.0
ER-Reg,sparse@0.1,0,proj_dcx,28,0.938,881.0
ER-Reg,sparse@0.1,0,proj_dcx,29,0.92,815.0
ER-Reg,sparse@0.1,0,faq_dcx,0,0.986,935.0
ER-Reg,sparse@0.1,0,faq_dcx,1,0.982,922.0
ER-Reg,sparse@0.1,0,faq_dcx,2,0.968,869.0
ER-Reg,sparse@0.1,0,faq_dcx,3,0.968,900.0
ER-Reg,sparse@0.1,0,faq_dcx,4,0.96,901.0
ER-Reg,sparse@0.1,0,faq_dcx,5,0.96,888.0
ER-Reg,sparse@0.1,0,faq_dcx,6,0.96,864.0
ER-Reg,sparse@0.1,0,faq_dcx,7,0.956,923.0
ER-Reg,sparse@0.1,0,faq_dcx,8,0.95,881.0
ER-Reg,sparse@0.1,0,faq_dcx,9,0.97,878.0
ER-Reg,sparse@0.1,0,faq_dcx,10,0.968,922.0
ER-Reg,sparse@0.1,0,faq_dcx,11,0.974,868.0
ER-Reg,sparse@0.1,0,faq_dcx,12,0.954,890.0
ER-Reg,sparse@0.1,0,faq_dcx,13,0.958,906.0
ER-Reg,sparse@0.1,0,faq_dcx,14,0.964,937.0
ER-Reg,sparse@0.1,0,faq_dcx,15,0.97,918.0
ER-Reg,sparse@0.1,0,faq_dcx,16,0.944,841.0
ER-Reg,sparse@0.1,0,faq_dcx,17,0.978,860.0
ER-Reg,sparse@0.1,0,faq_dcx,18,0.952,846.0
ER-Reg,sparse@0.1,0,faq_dcx,19,0.964,889.0
ER-Reg,sparse@0.1,0,faq_dcx,20,0.976,907.0
ER-Reg,sparse@0.1,0,faq_dcx,21,0.968,900.0
ER-Reg,sparse@0.1,0,faq_dcx,22,0.956,904.0
ER-Reg,sparse@0.1,0,faq_dcx,23,0.968,943.0
ER-Reg,sparse@0.1,0,faq_dcx,24,0.976,928.0
ER-Reg,sparse@0.1,0,faq_dcx,25,0.968,885.0
ER-Reg,sparse@0.1,0,faq_dcx,26,0.978,934.0
ER-Reg,sparse@0.1,0,faq_dcx,27,0.964,842.0
ER-Reg,sparse@0.1,0,faq_dcx,28,0.982,912.0
ER-Reg,sparse@0.1,0,faq_dcx,29,0.964,846.0
ER-Reg,sparse@0.1,0,fgnn_proj,0,0.784,626.0
ER-Reg,sparse@0.1,0,fgnn_proj,1,0.764,598.0
ER-Reg,sparse@0.1,0,fgnn_proj,2,0.682,507.0
ER-Reg,sparse@0.1,0,fgnn_proj,3,0.616,407.0
ER-Reg,sparse@0.1,0,fgnn_proj,4,0.742,580.0
ER-Reg,sparse@0.1,0,fgnn_proj,5,0.654,454.0
ER-Reg,sparse@0.1,0,fgnn_proj,6,0.672,456.0
ER-Reg,sparse@0.1,0,fgnn_proj,7,0.636,427.0
ER-Reg,sparse@0.1,0,fgnn_proj,8,0.692,525.0
ER-Reg,sparse@0.1,0,fgnn_proj,9,0.71,549.0
ER-Reg,sparse@0.1,0,fgnn_proj,10,0.666,488.0
ER-Reg,sparse@0.1,0,fgnn_proj,11,0.696,523.0
ER-Reg,sparse@0.1,0,fgnn_proj,12,0.704,529.0
ER-Reg,sparse@0.1,0,fgnn_proj,13,0.736,580.0
ER-Reg,sparse@0.1,0,fgnn_proj,14,0.704,551.0
ER-Reg,sparse@0.1,0,fgnn_proj,15,0.68,468.0
ER-Reg,sparse@0.1,0,fgnn_proj,16,0.704,513.0
ER-Reg,sparse@0.1,0,fgnn_proj,17,0.68,496.0
ER-Reg,sparse@0.1,0,fgnn_proj,18,0.612,405.0
ER-Reg,sparse@0.1,0,fgnn_proj,19,0.698,533.0
ER-Reg,sparse@0.1,0,fgnn_proj,20,0.66,507.0
ER-Reg,sparse@0.1,0,fgnn_proj,21,0.7,526.0
ER-Reg,sparse@0.1,0,fgnn_proj,22,0.754,585.0
ER-Reg,sparse@0.1,0,fgnn_proj,23,0.704,551.0
ER-Reg,sparse@0.1,0,fgnn_proj,24,0.684,534.0
ER-Reg,sparse@0.1,0,fgnn_proj,25,0.742,552.0
ER-Reg,sparse@0.1,0,fgnn_proj,26,0.704,535.0
ER-Reg,sparse@0.1,0,fgnn_proj,27,0.658,425.0
ER-Reg,sparse@0.1,0,fgnn_proj,28,0.67,463.0
ER-Reg,sparse@0.1,0,fgnn_proj,29,0.66,466.0
ER-Reg,sparse@0.1,0,fgnn_faq,0,0.978,935.0
ER-Reg,sparse@0.1,0,fgnn_faq,1,0.974,922.0
ER-Reg,sparse@0.1,0,fgnn_faq,2,0.974,869.0
ER-Reg,sparse@0.1,0,fgnn_faq,3,0.972,900.0
ER-Reg,sparse@0.1,0,fgnn_faq,4,0.972,901.0
ER-Reg,sparse@0.1,0,fgnn_faq,5,0.974,890.0
ER-Reg,sparse@0.1,0,fgnn_faq,6,0.954,864.0
ER-Reg,sparse@0.1,0,fgnn_faq,7,0.956,923.0
ER-Reg,sparse@0.1,0,fgnn_faq,8,0.966,883.0
ER-Reg,sparse@0.1,0,fgnn_faq,9,0.962,878.0
ER-Reg,sparse@0.1,0,fgnn_faq,10,0.972,922.0
ER-Reg,sparse@0.1,0,fgnn_faq,11,0.978,868.0
ER-Reg,sparse@0.1,0,fgnn_faq,12,0.956,891.0
ER-Reg,sparse@0.1,0,fgnn_faq,13,0.976,910.0
ER-Reg,sparse@0.1,0,fgnn_faq,14,0.964,937.0
ER-Reg,sparse@0.1,0,fgnn_faq,15,0.962,918.0
ER-Reg,sparse@0.1,0,fgnn_faq,16,0.958,846.0
ER-Reg,sparse@0.1,0,fgnn_faq,17,0.968,860.0
ER-Reg,sparse@0.1,0,fgnn_faq,18,0.944,846.0
ER-Reg,sparse@0.1,0,fgnn_faq,19,0.964,889.0
ER-Reg,sparse@0.1,0,fgnn_faq,20,0.984,909.0
ER-Reg,sparse@0.1,0,fgnn_faq,21,0.97,900.0
ER-Reg,sparse@0.1,0,fgnn_faq,22,0.956,905.0
ER-Reg,sparse@0.1,0,fgnn_faq,23,0.974,943.0
ER-Reg,sparse@0.1,0,fgnn_faq,24,0.974,928.0
ER-Reg,sparse@0.1,0,fgnn_faq,25,0.968,885.0
ER-Reg,sparse@0.1,0,fgnn_faq,26,0.976,934.0
ER-Reg,sparse@0.1,0,fgnn_faq,27,0.964,842.0
ER-Reg,sparse@0.1,0,fgnn_faq,28,0.982,912.0
ER-Reg,sparse@0.1,0,fgnn_faq,29,0.97,846.0
ER-Reg,sparse@0.1,0,chfgnn_proj,0,0.972,934.0
ER-Reg,sparse@0.1,0,chfgnn_proj,1,0.974,921.0
ER-Reg,sparse@0.1,0,chfgnn_proj,2,0.966,867.0
ER-Reg,sparse@0.1,0,chfgnn_proj,3,0.97,897.0
ER-Reg,sparse@0.1,0,chfgnn_proj,4,0.976,901.0
ER-Reg,sparse@0.1,0,chfgnn_proj,5,0.964,885.0
ER-Reg,sparse@0.1,0,chfgnn_proj,6,0.956,863.0
ER-Reg,sparse@0.1,0,chfgnn_proj,7,0.962,922.0
ER-Reg,sparse@0.1,0,chfgnn_proj,8,0.956,881.0
ER-Reg,sparse@0.1,0,chfgnn_proj,9,0.954,877.0
ER-Reg,sparse@0.1,0,chfgnn_proj,10,0.972,922.0
ER-Reg,sparse@0.1,0,chfgnn_proj,11,0.97,865.0
ER-Reg,sparse@0.1,0,chfgnn_proj,12,0.95,890.0
ER-Reg,sparse@0.1,0,chfgnn_proj,13,0.976,910.0
ER-Reg,sparse@0.1,0,chfgnn_proj,14,0.962,937.0
ER-Reg,sparse@0.1,0,chfgnn_proj,15,0.964,918.0
ER-Reg,sparse@0.1,0,chfgnn_proj,16,0.956,844.0
ER-Reg,sparse@0.1,0,chfgnn_proj,17,0.97,860.0
ER-Reg,sparse@0.1,0,chfgnn_proj,18,0.95,846.0
ER-Reg,sparse@0.1,0,chfgnn_proj,19,0.968,889.0
ER-Reg,sparse@0.1,0,chfgnn_proj,20,0.982,908.0
ER-Reg,sparse@0.1,0,chfgnn_proj,21,0.964,899.0
ER-Reg,sparse@0.1,0,chfgnn_proj,22,0.964,905.0
ER-Reg,sparse@0.1,0,chfgnn_proj,23,0.97,943.0
ER-Reg,sparse@0.1,0,chfgnn_proj,24,0.962,927.0
ER-Reg,sparse@0.1,0,chfgnn_proj,25,0.968,885.0
ER-Reg,sparse@0.1,0,chfgnn_proj,26,0.972,933.0
ER-Reg,sparse@0.1,0,chfgnn_proj,27,0.968,841.0
ER-Reg,sparse@0.1,0,chfgnn_proj,28,0.982,912.0
ER-Reg,sparse@0.1,0,chfgnn_proj,29,0.968,846.0
ER-Reg,sparse@0.1,0,chfgnn_faq,0,0.976,935.0
ER-Reg,sparse@0.1,0,chfgnn_faq,1,0.974,922.0
ER-Reg,sparse@0.1,0,chfgnn_faq,2,0.97,867.0
ER-Reg,sparse@0.1,0,chfgnn_faq,3,0.972,900.0
ER-Reg,sparse@0.1,0,chfgnn_faq,4,0.972,901.0
ER-Reg,sparse@0.1,0,chfgnn_faq,5,0.966,888.0
ER-Reg,sparse@0.1,0,chfgnn_faq,6,0.95,864.0
ER-Reg,sparse@0.1,0,chfgnn_faq,7,0.952,923.0
ER-Reg,sparse@0.1,0,chfgnn_faq,8,0.958,883.0
ER-Reg,sparse@0.1,0,chfgnn_faq,9,0.962,878.0
ER-Reg,sparse@0.1,0,chfgnn_faq,10,0.964,922.0
ER-Reg,sparse@0.1,0,chfgnn_faq,11,0.974,866.0
ER-Reg,sparse@0.1,0,chfgnn_faq,12,0.954,891.0
ER-Reg,sparse@0.1,0,chfgnn_faq,13,0.976,910.0
ER-Reg,sparse@0.1,0,chfgnn_faq,14,0.964,937.0
ER-Reg,sparse@0.1,0,chfgnn_faq,15,0.962,918.0
ER-Reg,sparse@0.1,0,chfgnn_faq,16,0.95,846.0
ER-Reg,sparse@0.1,0,chfgnn_faq,17,0.968,860.0
ER-Reg,sparse@0.1,0,chfgnn_faq,18,0.944,846.0
ER-Reg,sparse@0.1,0,chfgnn_faq,19,0.964,889.0
ER-Reg,sparse@0.1,0,chfgnn_faq,20,0.984,909.0
ER-Reg,sparse@0.1,0,chfgnn_faq,21,0.97,900.0
ER-Reg,sparse@0.1,0,chfgnn_faq,22,0.956,905.0
ER-Reg,sparse@0.1,0,chfgnn_faq,23,0.974,943.0
ER-Reg,sparse@0.1,0,chfgnn_faq,24,0.974,928.0
ER-Reg,sparse@0.1,0,chfgnn_faq,25,0.968,885.0
ER-Reg,sparse@0.1,0,chfgnn_faq,26,0.976,934.0
ER-Reg,sparse@0.1,0,chfgnn_faq,27,0.964,842.0
ER-Reg,sparse@0.1,0,chfgnn_faq,28,0.978,912.0
ER-Reg,sparse@0.1,0,chfgnn_faq,29,0.97,846.0
ER-Reg,sparse@0.15,0,proj_dcx,0,0.664,588.0
ER-Reg,sparse@0.15,0,proj_dcx,1,0.76,669.0
ER-Reg,sparse@0.15,0,proj_dcx,2,0.486,368.0
ER-Reg,sparse@0.15,0,proj_dcx,3,0.406,303.0
ER-Reg,sparse@0.15,0,proj_dcx,4,0.592,514.0
ER-Reg,sparse@0.15,0,proj_dcx,5,0.434,334.0
ER-Reg,sparse@0.15,0,proj_dcx,6,0.562,450.0
ER-Reg,sparse@0.15,0,proj_dcx,7,0.524,432.0
ER-Reg,sparse@0.15,0,proj_dcx,8,0.522,433.0
ER-Reg,sparse@0.15,0,proj_dcx,9,0.504,419.0
ER-Reg,sparse@0.15,0,proj_dcx,10,0.614,513.0
ER-Reg,sparse@0.15,0,proj_dcx,11,0.7,627.0
ER-Reg,sparse@0.15,0,proj_dcx,12,0.594,496.0
ER-Reg,sparse@0.15,0,proj_dcx,13,0.786,714.0
ER-Reg,sparse@0.15,0,proj_dcx,14,0.52,430.0
ER-Reg,sparse@0.15,0,proj_dcx,15,0.52,427.0
ER-Reg,sparse@0.15,0,proj_dcx,16,0.512,396.0
ER-Reg,sparse@0.15,0,proj_dcx,17,0.57,452.0
ER-Reg,sparse@0.15,0,proj_dcx,18,0.42,360.0
ER-Reg,sparse@0.15,0,proj_dcx,19,0.622,518.0
ER-Reg,sparse@0.15,0,proj_dcx,20,0.588,504.0
ER-Reg,sparse@0.15,0,proj_dcx,21,0.552,448.0
ER-Reg,sparse@0.15,0,proj_dcx,22,0.698,586.0
ER-Reg,sparse@0.15,0,proj_dcx,23,0.622,553.0
ER-Reg,sparse@0.15,0,proj_dcx,24,0.652,580.0
ER-Reg,sparse@0.15,0,proj_dcx,25,0.626,548.0
ER-Reg,sparse@0.15,0,proj_dcx,26,0.598,512.0
ER-Reg,sparse@0.15,0,proj_dcx,27,0.542,404.0
ER-Reg,sparse@0.15,0,proj_dcx,28,0.516,416.0
ER-Reg,sparse@0.15,0,proj_dcx,29,0.56,452.0
ER-Reg,sparse@0.15,0,faq_dcx,0,0.954,875.0
ER-Reg,sparse@0.15,0,faq_dcx,1,0.972,872.0
ER-Reg,sparse@0.15,0,faq_dcx,2,0.956,829.0
ER-Reg,sparse@0.15,0,faq_dcx,3,0.924,838.0
ER-Reg,sparse@0.15,0,faq_dcx,4,0.946,847.0
ER-Reg,sparse@0.15,0,faq_dcx,5,0.95,839.0
ER-Reg,sparse@0.15,0,faq_dcx,6,0.932,805.0
ER-Reg,sparse@0.15,0,faq_dcx,7,0.908,864.0
ER-Reg,sparse@0.15,0,faq_dcx,8,0.908,815.0
ER-Reg,sparse@0.15,0,faq_dcx,9,0.914,811.0
ER-Reg,sparse@0.15,0,faq_dcx,10,0.946,872.0
ER-Reg,sparse@0.15,0,faq_dcx,11,0.956,826.0
ER-Reg,sparse@0.15,0,faq_dcx,12,0.94,848.0
ER-Reg,sparse@0.15,0,faq_dcx,13,0.926,863.0
ER-Reg,sparse@0.15,0,faq_dcx,14,0.93,868.0
ER-Reg,sparse@0.15,0,faq_dcx,15,0.924,851.0
ER-Reg,sparse@0.15,0,faq_dcx,16,0.946,795.0
ER-Reg,sparse@0.15,0,faq_dcx,17,0.958,801.0
ER-Reg,sparse@0.15,0,faq_dcx,18,0.894,789.0
ER-Reg,sparse@0.15,0,faq_dcx,19,0.932,833.0
ER-Reg,sparse@0.15,0,faq_dcx,20,0.956,863.0
ER-Reg,sparse@0.15,0,faq_dcx,21,0.956,857.0
ER-Reg,sparse@0.15,0,faq_dcx,22,0.94,854.0
ER-Reg,sparse@0.15,0,faq_dcx,23,0.946,887.0
ER-Reg,sparse@0.15,0,faq_dcx,24,0.972,881.0
ER-Reg,sparse@0.15,0,faq_dcx,25,0.94,834.0
ER-Reg,sparse@0.15,0,faq_dcx,26,0.972,886.0
ER-Reg,sparse@0.15,0,faq_dcx,27,0.944,799.0
ER-Reg,sparse@0.15,0,faq_dcx,28,0.956,847.0
ER-Reg,sparse@0.15,0,faq_dcx,29,0.912,783.0
ER-Reg,sparse@0.15,0,fgnn_proj,0,0.54,370.0
ER-Reg,sparse@0.15,0,fgnn_proj,1,0.642,424.0
ER-Reg,sparse@0.15,0,fgnn_proj,2,0.484,284.0
ER-Reg,sparse@0.15,0,fgnn_proj,3,0.418,225.0
ER-Reg,sparse@0.15,0,fgnn_proj,4,0.538,344.0
ER-Reg,sparse@0.15,0,fgnn_proj,5,0.49,272.0
ER-Reg,sparse@0.15,0,fgnn_proj,6,0.534,320.0
ER-Reg,sparse@0.15,0,fgnn_proj,7,0.5,281.0
ER-Reg,sparse@0.15,0,fgnn_proj,8,0.498,279.0
ER-Reg,sparse@0.15,0,fgnn_proj,9,0.474,276.0
ER-Reg,sparse@0.15,0,fgnn_proj,10,0.526,336.0
ER-Reg,sparse@0.15,0,fgnn_proj,11,0.552,341.0
ER-Reg,sparse@0.15,0,fgnn_proj,12,0.552,348.0
ER-Reg,sparse@0.15,0,fgnn_proj,13,0.58,364.0
ER-Reg,sparse@0.15,0,fgnn_proj,14,0.504,312.0
ER-Reg,sparse@0.15,0,fgnn_proj,15,0.538,318.0
ER-Reg,sparse@0.15,0,fgnn_proj,16,0.518,315.0
ER-Reg,sparse@0.15,0,fgnn_proj,17,0.494,290.0
ER-Reg,sparse@0.15,0,fgnn_proj,18,0.418,225.0
ER-Reg,sparse@0.15,0,fgnn_proj,19,0.522,315.0
ER-Reg,sparse@0.15,0,fgnn_proj,20,0.49,302.0
ER-Reg,sparse@0.15,0,fgnn_proj,21,0.564,348.0
ER-Reg,sparse@0.15,0,fgnn_proj,22,0.594,390.0
ER-Reg,sparse@0.15,0,fgnn_proj,23,0.528,343.0
ER-Reg,sparse@0.15,0,fgnn_proj,24,0.54,345.0
ER-Reg,sparse@0.15,0,fgnn_proj,25,0.52,340.0
ER-Reg,sparse@0.15,0,fgnn_proj,26,0.522,314.0
ER-Reg,sparse@0.15,0,fgnn_proj,27,0.496,243.0
ER-Reg,sparse@0.15,0,fgnn_proj,28,0.468,265.0
ER-Reg,sparse@0.15,0,fgnn_proj,29,0.502,282.0
ER-Reg,sparse@0.15,0,fgnn_faq,0,0.962,875.0
ER-Reg,sparse@0.15,0,fgnn_faq,1,0.966,872.0
ER-Reg,sparse@0.15,0,fgnn_faq,2,0.958,827.0
ER-Reg,sparse@0.15,0,fgnn_faq,3,0.95,842.0
ER-Reg,sparse@0.15,0,fgnn_faq,4,0.962,847.0
ER-Reg,sparse@0.15,0,fgnn_faq,5,0.958,843.0
ER-Reg,sparse@0.15,0,fgnn_faq,6,0.918,805.0
ER-Reg,sparse@0.15,0,fgnn_faq,7,0.932,870.0
ER-Reg,sparse@0.15,0,fgnn_faq,8,0.964,826.0
ER-Reg,sparse@0.15,0,fgnn_faq,9,0.938,818.0
ER-Reg,sparse@0.15,0,fgnn_faq,10,0.97,880.0
ER-Reg,sparse@0.15,0,fgnn_faq,11,0.97,827.0
ER-Reg,sparse@0.15,0,fgnn_faq,12,0.94,846.0
ER-Reg,sparse@0.15,0,fgnn_faq,13,0.96,867.0
ER-Reg,sparse@0.15,0,fgnn_faq,14,0.942,868.0
ER-Reg,sparse@0.15,0,fgnn_faq,15,0.944,857.0
ER-Reg,sparse@0.15,0,fgnn_faq,16,0.936,793.0
ER-Reg,sparse@0.15,0,fgnn_faq,17,0.962,802.0
ER-Reg,sparse@0.15,0,fgnn_faq,18,0.922,801.0
ER-Reg,sparse@0.15,0,fgnn_faq,19,0.948,834.0
ER-Reg,sparse@0.15,0,fgnn_faq,20,0.962,864.0
ER-Reg,sparse@0.15,0,fgnn_faq,21,0.964,858.0
ER-Reg,sparse@0.15,0,fgnn_faq,22,0.944,856.0
ER-Reg,sparse@0.15,0,fgnn_faq,23,0.956,887.0
ER-Reg,sparse@0.15,0,fgnn_faq,24,0.958,881.0
ER-Reg,sparse@0.15,0,fgnn_faq,25,0.948,835.0
ER-Reg,sparse@0.15,0,fgnn_faq,26,0.974,886.0
ER-Reg,sparse@0.15,0,fgnn_faq,27,0.948,799.0
ER-Reg,sparse@0.15,0,fgnn_faq,28,0.966,849.0
ER-Reg,sparse@0.15,0,fgnn_faq,29,0.94,785.0
ER-Reg,sparse@0.15,0,chfgnn_proj,0,0.956,871.0
ER-Reg,sparse@0.15,0,chfgnn_proj,1,0.962,866.0
ER-Reg,sparse@0.15,0,chfgnn_proj,2,0.958,829.0
ER-Reg,sparse@0.15,0,chfgnn_proj,3,0.924,832.0
ER-Reg,sparse@0.15,0,chfgnn_proj,4,0.946,844.0
ER-Reg,sparse@0.15,0,chfgnn_proj,5,0.958,839.0
ER-Reg,sparse@0.15,0,chfgnn_proj,6,0.95,806.0
ER-Reg,sparse@0.15,0,chfgnn_proj,7,0.928,869.0
ER-Reg,sparse@0.15,0,chfgnn_proj,8,0.94,817.0
ER-Reg,sparse@0.15,0,chfgnn_proj,9,0.926,812.0
ER-Reg,sparse@0.15,0,chfgnn_proj,10,0.97,880.0
ER-Reg,sparse@0.15,0,chfgnn_proj,11,0.954,825.0
ER-Reg,sparse@0.15,0,chfgnn_proj,12,0.936,842.0
ER-Reg,sparse@0.15,0,chfgnn_proj,13,0.944,864.0
ER-Reg,sparse@0.15,0,chfgnn_proj,14,0.936,866.0
ER-Reg,sparse@0.15,0,chfgnn_proj,15,0.924,848.0
ER-Reg,sparse@0.15,0,chfgnn_proj,16,0.938,787.0
ER-Reg,sparse@0.15,0,chfgnn_proj,17,0.96,801.0
ER-Reg,sparse@0.15,0,chfgnn_proj,18,0.926,794.0
ER-Reg,sparse@0.15,0,chfgnn_proj,19,0.938,831.0
ER-Reg,sparse@0.15,0,chfgnn_proj,20,0.944,852.0
ER-Reg,sparse@0.15,0,chfgnn_proj,21,0.96,858.0
ER-Reg,sparse@0.15,0,chfgnn_proj,22,0.95,856.0
ER-Reg,sparse@0.15,0,chfgnn_proj,23,0.952,886.0
ER-Reg,sparse@0.15,0,chfgnn_proj,24,0.954,877.0
ER-Reg,sparse@0.15,0,chfgnn_proj,25,0.95,831.0
ER-Reg,sparse@0.15,0,chfgnn_proj,26,0.968,885.0
ER-Reg,sparse@0.15,0,chfgnn_proj,27,0.942,795.0
ER-Reg,sparse@0.15,0,chfgnn_proj,28,0.952,848.0
ER-Reg,sparse@0.15,0,chfgnn_proj,29,0.928,781.0
ER-Reg,sparse@0.15,0,chfgnn_faq,0,0.966,876.0
ER-Reg,sparse@0.15,0,chfgnn_faq,1,0.966,872.0
ER-Reg,sparse@0.15,0,chfgnn_faq,2,0.962,830.0
ER-Reg,sparse@0.15,0,chfgnn_faq,3,0.932,838.0
ER-Reg,sparse@0.15,0,chfgnn_faq,4,0.954,847.0
ER-Reg,sparse@0.15,0,chfgnn_faq,5,0.956,842.0
ER-Reg,sparse@0.15,0,chfgnn_faq,6,0.946,809.0
ER-Reg,sparse@0.15,0,chfgnn_faq,7,0.932,872.0
ER-Reg,sparse@0.15,0,chfgnn_faq,8,0.948,825.0
ER-Reg,sparse@0.15,0,chfgnn_faq,9,0.938,818.0
ER-Reg,sparse@0.15,0,chfgnn_faq,10,0.962,880.0
ER-Reg,sparse@0.15,0,chfgnn_faq,11,0.966,827.0
ER-Reg,sparse@0.15,0,chfgnn_faq,12,0.944,847.0
ER-Reg,sparse@0.15,0,chfgnn_faq,13,0.944,864.0
ER-Reg,sparse@0.15,0,chfgnn_faq,14,0.944,868.0
ER-Reg,sparse@0.15,0,chfgnn_faq,15,0.932,854.0
ER-Reg,sparse@0.15,0,chfgnn_faq,16,0.936,795.0
ER-Reg,sparse@0.15,0,chfgnn_faq,17,0.958,802.0
ER-Reg,sparse@0.15,0,chfgnn_faq,18,0.918,800.0
ER-Reg,sparse@0.15,0,chfgnn_faq,19,0.956,835.0
ER-Reg,sparse@0.15,0,chfgnn_faq,20,0.958,864.0
ER-Reg,sparse@0.15,0,chfgnn_faq,21,0.964,858.0
ER-Reg,sparse@0.15,0,chfgnn_faq,22,0.946,857.0
ER-Reg,sparse@0.15,0,chfgnn_faq,23,0.96,888.0
ER-Reg,sparse@0.15,0,chfgnn_faq,24,0.958,881.0
ER-Reg,sparse@0.15,0,chfgnn_faq,25,0.948,835.0
ER-Reg,sparse@0.15,0,chfgnn_faq,26,0.974,886.0
ER-Reg,sparse@0.15,0,chfgnn_faq,27,0.948,799.0
ER-Reg,sparse@0.15,0,chfgnn_faq,28,0.958,849.0
ER-Reg,sparse@0.15,0,chfgnn_faq,29,0.944,786.0
ER-Reg,sparse@0.2,0,proj_dcx,0,0.366,301.0
ER-Reg,sparse@0.2,0,proj_dcx,1,0.436,334.0
ER-Reg,sparse@0.2,0,proj_dcx,2,0.172,164.0
ER-Reg,sparse@0.2,0,proj_dcx,3,0.132,153.0
ER-Reg,sparse@0.2,0,proj_dcx,4,0.204,189.0
ER-Reg,sparse@0.2,0,proj_dcx,5,0.14,151.0
ER-Reg,sparse@0.2,0,proj_dcx,6,0.268,203.0
ER-Reg,sparse@0.2,0,proj_dcx,7,0.206,169.0
ER-Reg,sparse@0.2,0,proj_dcx,8,0.192,191.0
ER-Reg,sparse@0.2,0,proj_dcx,9,0.206,182.0
ER-Reg,sparse@0.2,0,proj_dcx,10,0.316,270.0
ER-Reg,sparse@0.2,0,proj_dcx,11,0.342,268.0
ER-Reg,sparse@0.2,0,proj_dcx,12,0.134,140.0
ER-Reg,sparse@0.2,0,proj_dcx,13,0.288,225.0
ER-Reg,sparse@0.2,0,proj_dcx,14,0.088,130.0
ER-Reg,sparse@0.2,0,proj_dcx,15,0.214,206.0
ER-Reg,sparse@0.2,0,proj_dcx,16,0.18,148.0
ER-Reg,sparse@0.2,0,proj_dcx,17,0.168,153.0
ER-Reg,sparse@0.2,0,proj_dcx,18,0.106,127.0
ER-Reg,sparse@0.2,0,proj_dcx,19,0.294,220.0
ER-Reg,sparse@0.2,0,proj_dcx,20,0.254,219.0
ER-Reg,sparse@0.2,0,proj_dcx,21,0.182,178.0
ER-Reg,sparse@0.2,0,proj_dcx,22,0.228,176.0
ER-Reg,sparse@0.2,0,proj_dcx,23,0.208,187.0
ER-Reg,sparse@0.2,0,proj_dcx,24,0.262,220.0
ER-Reg,sparse@0.2,0,proj_dcx,25,0.262,226.0
ER-Reg,sparse@0.2,0,proj_dcx,26,0.276,231.0
ER-Reg,sparse@0.2,0,proj_dcx,27,0.154,168.0
ER-Reg,sparse@0.2,0,proj_dcx,28,0.126,118.0
ER-Reg,sparse@0.2,0,proj_dcx,29,0.258,191.0
ER-Reg,sparse@0.2,0,faq_dcx,0,0.894,808.0
ER-Reg,sparse@0.2,0,faq_dcx,1,0.958,818.0
ER-Reg,sparse@0.2,0,faq_dcx,2,0.442,594.0
ER-Reg,sparse@0.2,0,faq_dcx,3,0.216,514.0
ER-Reg,sparse@0.2,0,faq_dcx,4,0.83,760.0
ER-Reg,sparse@0.2,0,faq_dcx,5,0.24,538.0
ER-Reg,sparse@0.2,0,faq_dcx,6,0.89,760.0
ER-Reg,sparse@0.2,0,faq_dcx,7,0.896,822.0
ER-Reg,sparse@0.2,0,faq_dcx,8,0.346,553.0
ER-Reg,sparse@0.2,0,faq_dcx,9,0.654,661.0
ER-Reg,sparse@0.2,0,faq_dcx,10,0.942,828.0
ER-Reg,sparse@0.2,0,faq_dcx,11,0.904,768.0
ER-Reg,sparse@0.2,0,faq_dcx,12,0.192,497.0
ER-Reg,sparse@0.2,0,faq_dcx,13,0.866,796.0
ER-Reg,sparse@0.2,0,faq_dcx,14,0.078,490.0
ER-Reg,sparse@0.2,0,faq_dcx,15,0.898,793.0
ER-Reg,sparse@0.2,0,faq_dcx,16,0.186,484.0
ER-Reg,sparse@0.2,0,faq_dcx,17,0.162,493.0
ER-Reg,sparse@0.2,0,faq_dcx,18,0.204,510.0
ER-Reg,sparse@0.2,0,faq_dcx,19,0.906,785.0
ER-Reg,sparse@0.2,0,faq_dcx,20,0.792,747.0
ER-Reg,sparse@0.2,0,faq_dcx,21,0.722,715.0
ER-Reg,sparse@0.2,0,faq_dcx,22,0.904,800.0
ER-Reg,sparse@0.2,0,faq_dcx,23,0.928,827.0
ER-Reg,sparse@0.2,0,faq_dcx,24,0.928,838.0
ER-Reg,sparse@0.2,0,faq_dcx,25,0.888,775.0
ER-Reg,sparse@0.2,0,faq_dcx,26,0.942,830.0
ER-Reg,sparse@0.2,0,faq_dcx,27,0.234,503.0
ER-Reg,sparse@0.2,0,faq_dcx,28,0.276,528.0
ER-Reg,sparse@0.2,0,faq_dcx,29,0.734,668.0
ER-Reg,sparse@0.2,0,fgnn_proj,0,0.444,266.0
ER-Reg,sparse@0.2,0,fgnn_proj,1,0.444,260.0
ER-Reg,sparse@0.2,0,fgnn_proj,2,0.332,166.0
ER-Reg,sparse@0.2,0,fgnn_proj,3,0.34,166.0
ER-Reg,sparse@0.2,0,fgnn_proj,4,0.37,170.0
ER-Reg,sparse@0.2,0,fgnn_proj,5,0.358,180.0
ER-Reg,sparse@0.2,0,fgnn_proj,6,0.382,196.0
ER-Reg,sparse@0.2,0,fgnn_proj,7,0.414,205.0
ER-Reg,sparse@0.2,0,fgnn_proj,8,0.362,160.0
ER-Reg,sparse@0.2,0,fgnn_proj,9,0.354,200.0
ER-Reg,sparse@0.2,0,fgnn_proj,10,0.41,232.0
ER-Reg,sparse@0.2,0,fgnn_proj,11,0.434,231.0
ER-Reg,sparse@0.2,0,fgnn_proj,12,0.398,196.0
ER-Reg,sparse@0.2,0,fgnn_proj,13,0.438,232.0
ER-Reg,sparse@0.2,0,fgnn_proj,14,0.346,172.0
ER-Reg,sparse@0.2,0,fgnn_proj,15,0.386,212.0
ER-Reg,sparse@0.2,0,fgnn_proj,16,0.362,165.0
ER-Reg,sparse@0.2,0,fgnn_proj,17,0.342,156.0
ER-Reg,sparse@0.2,0,fgnn_proj,18,0.278,135.0
ER-Reg,sparse@0.2,0,fgnn_proj,19,0.386,185.0
ER-Reg,sparse@0.2,0,fgnn_proj,20,0.384,216.0
ER-Reg,sparse@0.2,0,fgnn_proj,21,0.396,222.0
ER-Reg,sparse@0.2,0,fgnn_proj,22,0.456,219.0
ER-Reg,sparse@0.2,0,fgnn_proj,23,0.374,200.0
ER-Reg,sparse@0.2,0,fgnn_proj,24,0.378,208.0
ER-Reg,sparse@0.2,0,fgnn_proj,25,0.396,230.0
ER-Reg,sparse@0.2,0,fgnn_proj,26,0.38,174.0
ER-Reg,sparse@0.2,0,fgnn_proj,27,0.346,153.0
ER-Reg,sparse@0.2,0,fgnn_proj,28,0.352,168.0
ER-Reg,sparse@0.2,0,fgnn_proj,29,0.376,197.0
ER-Reg,sparse@0.2,0,fgnn_faq,0,0.946,823.0
ER-Reg,sparse@0.2,0,fgnn_faq,1,0.94,816.0
ER-Reg,sparse@0.2,0,fgnn_faq,2,0.932,772.0
ER-Reg,sparse@0.2,0,fgnn_faq,3,0.93,795.0
ER-Reg,sparse@0.2,0,fgnn_faq,4,0.932,795.0
ER-Reg,sparse@0.2,0,fgnn_faq,5,0.926,792.0
ER-Reg,sparse@0.2,0,fgnn_faq,6,0.898,766.0
ER-Reg,sparse@0.2,0,fgnn_faq,7,0.918,827.0
ER-Reg,sparse@0.2,0,fgnn_faq,8,0.914,750.0
ER-Reg,sparse@0.2,0,fgnn_faq,9,0.916,771.0
ER-Reg,sparse@0.2,0,fgnn_faq,10,0.95,828.0
ER-Reg,sparse@0.2,0,fgnn_faq,11,0.942,777.0
ER-Reg,sparse@0.2,0,fgnn_faq,12,0.886,779.0
ER-Reg,sparse@0.2,0,fgnn_faq,13,0.932,812.0
ER-Reg,sparse@0.2,0,fgnn_faq,14,0.922,803.0
ER-Reg,sparse@0.2,0,fgnn_faq,15,0.908,800.0
ER-Reg,sparse@0.2,0,fgnn_faq,16,0.892,733.0
ER-Reg,sparse@0.2,0,fgnn_faq,17,0.94,752.0
ER-Reg,sparse@0.2,0,fgnn_faq,18,0.894,745.0
ER-Reg,sparse@0.2,0,fgnn_faq,19,0.922,789.0
ER-Reg,sparse@0.2,0,fgnn_faq,20,0.932,803.0
ER-Reg,sparse@0.2,0,fgnn_faq,21,0.944,800.0
ER-Reg,sparse@0.2,0,fgnn_faq,22,0.916,803.0
ER-Reg,sparse@0.2,0,fgnn_faq,23,0.92,825.0
ER-Reg,sparse@0.2,0,fgnn_faq,24,0.936,843.0
ER-Reg,sparse@0.2,0,fgnn_faq,25,0.928,790.0
ER-Reg,sparse@0.2,0,fgnn_faq,26,0.958,834.0
ER-Reg,sparse@0.2,0,fgnn_faq,27,0.916,746.0
ER-Reg,sparse@0.2,0,fgnn_faq,28,0.948,792.0
ER-Reg,sparse@0.2,0,fgnn_faq,29,0.888,736.0
ER-Reg,sparse@0.2,0,chfgnn_proj,0,0.922,818.0
ER-Reg,sparse@0.2,0,chfgnn_proj,1,0.924,804.0
ER-Reg,sparse@0.2,0,chfgnn_proj,2,0.92,762.0
ER-Reg,sparse@0.2,0,chfgnn_proj,3,0.9,787.0
ER-Reg,sparse@0.2,0,chfgnn_proj,4,0.926,793.0
ER-Reg,sparse@0.2,0,chfgnn_proj,5,0.9,785.0
ER-Reg,sparse@0.2,0,chfgnn_proj,6,0.894,758.0
ER-Reg,sparse@0.2,0,chfgnn_proj,7,0.904,823.0
ER-Reg,sparse@0.2,0,chfgnn_proj,8,0.84,724.0
ER-Reg,sparse@0.2,0,chfgnn_proj,9,0.888,763.0
ER-Reg,sparse@0.2,0,chfgnn_proj,10,0.94,823.0
ER-Reg,sparse@0.2,0,chfgnn_proj,11,0.912,765.0
ER-Reg,sparse@0.2,0,chfgnn_proj,12,0.89,776.0
ER-Reg,sparse@0.2,0,chfgnn_proj,13,0.932,808.0
ER-Reg,sparse@0.2,0,chfgnn_proj,14,0.904,796.0
ER-Reg,sparse@0.2,0,chfgnn_proj,15,0.896,792.0
ER-Reg,sparse@0.2,0,chfgnn_proj,16,0.886,734.0
ER-Reg,sparse@0.2,0,chfgnn_proj,17,0.906,737.0
ER-Reg,sparse@0.2,0,chfgnn_proj,18,0.886,737.0
ER-Reg,sparse@0.2,0,chfgnn_proj,19,0.912,783.0
ER-Reg,sparse@0.2,0,chfgnn_proj,20,0.936,802.0
ER-Reg,sparse@0.2,0,chfgnn_proj,21,0.924,795.0
ER-Reg,sparse@0.2,0,chfgnn_proj,22,0.924,802.0
ER-Reg,sparse@0.2,0,chfgnn_proj,23,0.93,821.0
ER-Reg,sparse@0.2,0,chfgnn_proj,24,0.93,839.0
ER-Reg,sparse@0.2,0,chfgnn_proj,25,0.932,783.0
ER-Reg,sparse@0.2,0,chfgnn_proj,26,0.936,823.0
ER-Reg,sparse@0.2,0,chfgnn_proj,27,0.902,735.0
ER-Reg,sparse@0.2,0,chfgnn_proj,28,0.928,789.0
ER-Reg,sparse@0.2,0,chfgnn_proj,29,0.904,734.0
ER-Reg,sparse@0.2,0,chfgnn_faq,0,0.934,823.0
ER-Reg,sparse@0.2,0,chfgnn_faq,1,0.954,818.0
ER-Reg,sparse@0.2,0,chfgnn_faq,2,0.938,771.0
ER-Reg,sparse@0.2,0,chfgnn_faq,3,0.924,795.0
ER-Reg,sparse@0.2,0,chfgnn_faq,4,0.936,798.0
ER-Reg,sparse@0.2,0,chfgnn_faq,5,0.93,798.0
ER-Reg,sparse@0.2,0,chfgnn_faq,6,0.906,769.0
ER-Reg,sparse@0.2,0,chfgnn_faq,7,0.924,830.0
ER-Reg,sparse@0.2,0,chfgnn_faq,8,0.902,750.0
ER-Reg,sparse@0.2,0,chfgnn_faq,9,0.916,771.0
ER-Reg,sparse@0.2,0,chfgnn_faq,10,0.948,829.0
ER-Reg,sparse@0.2,0,chfgnn_faq,11,0.938,777.0
ER-Reg,sparse@0.2,0,chfgnn_faq,12,0.908,785.0
ER-Reg,sparse@0.2,0,chfgnn_faq,13,0.94,812.0
ER-Reg,sparse@0.2,0,chfgnn_faq,14,0.922,803.0
ER-Reg,sparse@0.2,0,chfgnn_faq,15,0.924,804.0
ER-Reg,sparse@0.2,0,chfgnn_faq,16,0.898,740.0
ER-Reg,sparse@0.2,0,chfgnn_faq,17,0.932,752.0
ER-Reg,sparse@0.2,0,chfgnn_faq,18,0.904,751.0
ER-Reg,sparse@0.2,0,chfgnn_faq,19,0.936,790.0
ER-Reg,sparse@0.2,0,chfgnn_faq,20,0.936,806.0
ER-Reg,sparse@0.2,0,chfgnn_faq,21,0.93,799.0
ER-Reg,sparse@0.2,0,chfgnn_faq,22,0.922,805.0
ER-Reg,sparse@0.2,0,chfgnn_faq,23,0.932,829.0
ER-Reg,sparse@0.2,0,chfgnn_faq,24,0.94,842.0
ER-Reg,sparse@0.2,0,chfgnn_faq,25,0.932,791.0
ER-Reg,sparse@0.2,0,chfgnn_faq,26,0.96,834.0
ER-Reg,sparse@0.2,0,chfgnn_faq,27,0.932,751.0
ER-Reg,sparse@0.2,0,chfgnn_faq,28,0.94,792.0
ER-Reg,sparse@0.2,0,chfgnn_faq,29,0.902,743.0
ER-Reg,sparse@0.25,0,proj_dcx,0,0.126,137.0
ER-Reg,sparse@0.25,0,proj_dcx,1,0.142,157.0
ER-Reg,sparse@0.25,0,proj_dcx,2,0.066,128.0
ER-Reg,sparse@0.25,0,proj_dcx,3,0.082,122.0
ER-Reg,sparse@0.25,0,proj_dcx,4,0.098,145.0
ER-Reg,sparse@0.25,0,proj_dcx,5,0.042,112.0
ER-Reg,sparse@0.25,0,proj_dcx,6,0.112,131.0
ER-Reg,sparse@0.25,0,proj_dcx,7,0.084,130.0
ER-Reg,sparse@0.25,0,proj_dcx,8,0.062,135.0
ER-Reg,sparse@0.25,0,proj_dcx,9,0.118,159.0
ER-Reg,sparse@0.25,0,proj_dcx,10,0.124,143.0
ER-Reg,sparse@0.25,0,proj_dcx,11,0.096,126.0
ER-Reg,sparse@0.25,0,proj_dcx,12,0.05,107.0
ER-Reg,sparse@0.25,0,proj_dcx,13,0.148,148.0
ER-Reg,sparse@0.25,0,proj_dcx,14,0.022,126.0
ER-Reg,sparse@0.25,0,proj_dcx,15,0.092,150.0
ER-Reg,sparse@0.25,0,proj_dcx,16,0.054,123.0
ER-Reg,sparse@0.25,0,proj_dcx,17,0.09,128.0
ER-Reg,sparse@0.25,0,proj_dcx,18,0.038,103.0
ER-Reg,sparse@0.25,0,proj_dcx,19,0.09,137.0
ER-Reg,sparse@0.25,0,proj_dcx,20,0.138,143.0
ER-Reg,sparse@0.25,0,proj_dcx,21,0.056,120.0
ER-Reg,sparse@0.25,0,proj_dcx,22,0.06,119.0
ER-Reg,sparse@0.25,0,proj_dcx,23,0.09,122.0
ER-Reg,sparse@0.25,0,proj_dcx,24,0.11,121.0
ER-Reg,sparse@0.25,0,proj_dcx,25,0.136,149.0
ER-Reg,sparse@0.25,0,proj_dcx,26,0.094,133.0
ER-Reg,sparse@0.25,0,proj_dcx,27,0.062,133.0
ER-Reg,sparse@0.25,0,proj_dcx,28,0.068,116.0
ER-Reg,sparse@0.25,0,proj_dcx,29,0.104,141.0
ER-Reg,sparse@0.25,0,faq_dcx,0,0.234,528.0
ER-Reg,sparse@0.25,0,faq_dcx,1,0.302,537.0
ER-Reg,sparse@0.25,0,faq_dcx,2,0.06,484.0
ER-Reg,sparse@0.25,0,faq_dcx,3,0.08,495.0
ER-Reg,sparse@0.25,0,faq_dcx,4,0.12,488.0
ER-Reg,sparse@0.25,0,faq_dcx,5,0.038,497.0
ER-Reg,sparse@0.25,0,faq_dcx,6,0.106,489.0
ER-Reg,sparse@0.25,0,faq_dcx,7,0.054,505.0
ER-Reg,sparse@0.25,0,faq_dcx,8,0.044,476.0
ER-Reg,sparse@0.25,0,faq_dcx,9,0.122,492.0
ER-Reg,sparse@0.25,0,faq_dcx,10,0.212,518.0
ER-Reg,sparse@0.25,0,faq_dcx,11,0.094,489.0
ER-Reg,sparse@0.25,0,faq_dcx,12,0.05,490.0
ER-Reg,sparse@0.25,0,faq_dcx,13,0.35,552.0
ER-Reg,sparse@0.25,0,faq_dcx,14,0.014,492.0
ER-Reg,sparse@0.25,0,faq_dcx,15,0.152,504.0
ER-Reg,sparse@0.25,0,faq_dcx,16,0.05,469.0
ER-Reg,sparse@0.25,0,faq_dcx,17,0.08,487.0
ER-Reg,sparse@0.25,0,faq_dcx,18,0.018,477.0
ER-Reg,sparse@0.25,0,faq_dcx,19,0.092,481.0
ER-Reg,sparse@0.25,0,faq_dcx,20,0.358,585.0
ER-Reg,sparse@0.25,0,faq_dcx,21,0.06,484.0
ER-Reg,sparse@0.25,0,faq_dcx,22,0.056,488.0
ER-Reg,sparse@0.25,0,faq_dcx,23,0.078,496.0
ER-Reg,sparse@0.25,0,faq_dcx,24,0.11,502.0
ER-Reg,sparse@0.25,0,faq_dcx,25,0.296,543.0
ER-Reg,sparse@0.25,0,faq_dcx,26,0.078,496.0
ER-Reg,sparse@0.25,0,faq_dcx,27,0.108,484.0
ER-Reg,sparse@0.25,0,faq_dcx,28,0.058,481.0
ER-Reg,sparse@0.25,0,faq_dcx,29,0.122,466.0
ER-Reg,sparse@0.25,0,fgnn_proj,0,0.306,170.0
ER-Reg,sparse@0.25,0,fgnn_proj,1,0.318,163.0
ER-Reg,sparse@0.25,0,fgnn_proj,2,0.284,114.0
ER-Reg,sparse@0.25,0,fgnn_proj,3,0.29,129.0
ER-Reg,sparse@0.25,0,fgnn_proj,4,0.278,123.0
ER-Reg,sparse@0.25,0,fgnn_proj,5,0.25,94.0
ER-Reg,sparse@0.25,0,fgnn_proj,6,0.306,142.0
ER-Reg,sparse@0.25,0,fgnn_proj,7,0.276,127.0
ER-Reg,sparse@0.25,0,fgnn_proj,8,0.258,107.0
ER-Reg,sparse@0.25,0,fgnn_proj,9,0.248,114.0
ER-Reg,sparse@0.25,0,fgnn_proj,10,0.308,144.0
ER-Reg,sparse@0.25,0,fgnn_proj,11,0.306,138.0
ER-Reg,sparse@0.25,0,fgnn_proj,12,0.32,148.0
ER-Reg,sparse@0.25,0,fgnn_proj,13,0.33,158.0
ER-Reg,sparse@0.25,0,fgnn_proj,14,0.226,91.0
ER-Reg,sparse@0.25,0,fgnn_proj,15,0.3,150.0
ER-Reg,sparse@0.25,0,fgnn_proj,16,0.278,127.0
ER-Reg,sparse@0.25,0,fgnn_proj,17,0.288,131.0
ER-Reg,sparse@0.25,0,fgnn_proj,18,0.212,88.0
ER-Reg,sparse@0.25,0,fgnn_proj,19,0.3,137.0
ER-Reg,sparse@0.25,0,fgnn_proj,20,0.342,183.0
ER-Reg,sparse@0.25,0,fgnn_proj,21,0.274,149.0
ER-Reg,sparse@0.25,0,fgnn_proj,22,0.326,147.0
ER-Reg,sparse@0.25,0,fgnn_proj,23,0.276,143.0
ER-Reg,sparse@0.25,0,fgnn_proj,24,0.31,146.0
ER-Reg,sparse@0.25,0,fgnn_proj,25,0.312,177.0
ER-Reg,sparse@0.25,0,fgnn_proj,26,0.266,110.0
ER-Reg,sparse@0.25,0,fgnn_proj,27,0.264,103.0
ER-Reg,sparse@0.25,0,fgnn_proj,28,0.298,137.0
ER-Reg,sparse@0.25,0,fgnn_proj,29,0.294,147.0
ER-Reg,sparse@0.25,0,fgnn_faq,0,0.904,770.0
ER-Reg,sparse@0.25,0,fgnn_faq,1,0.872,747.0
ER-Reg,sparse@0.25,0,fgnn_faq,2,0.846,706.0
ER-Reg,sparse@0.25,0,fgnn_faq,3,0.858,747.0
ER-Reg,sparse@0.25,0,fgnn_faq,4,0.894,742.0
ER-Reg,sparse@0.25,0,fgnn_faq,5,0.872,749.0
ER-Reg,sparse@0.25,0,fgnn_faq,6,0.854,730.0
ER-Reg,sparse@0.25,0,fgnn_faq,7,0.89,786.0
ER-Reg,sparse@0.25,0,fgnn_faq,8,0.762,669.0
ER-Reg,sparse@0.25,0,fgnn_faq,9,0.828,715.0
ER-Reg,sparse@0.25,0,fgnn_faq,10,0.94,791.0
ER-Reg,sparse@0.25,0,fgnn_faq,11,0.844,708.0
ER-Reg,sparse@0.25,0,fgnn_faq,12,0.836,740.0
ER-Reg,sparse@0.25,0,fgnn_faq,13,0.886,760.0
ER-Reg,sparse@0.25,0,fgnn_faq,14,0.698,686.0
ER-Reg,sparse@0.25,0,fgnn_faq,15,0.894,752.0
ER-Reg,sparse@0.25,0,fgnn_faq,16,0.78,672.0
ER-Reg,sparse@0.25,0,fgnn_faq,17,0.9,717.0
ER-Reg,sparse@0.25,0,fgnn_faq,18,0.69,648.0
ER-Reg,sparse@0.25,0,fgnn_faq,19,0.86,732.0
ER-Reg,sparse@0.25,0,fgnn_faq,20,0.884,760.0
ER-Reg,sparse@0.25,0,fgnn_faq,21,0.85,734.0
ER-Reg,sparse@0.25,0,fgnn_faq,22,0.874,754.0
ER-Reg,sparse@0.25,0,fgnn_faq,23,0.91,787.0
ER-Reg,sparse@0.25,0,fgnn_faq,24,0.904,790.0
ER-Reg,sparse@0.25,0,fgnn_faq,25,0.806,722.0
ER-Reg,sparse@0.25,0,fgnn_faq,26,0.902,755.0
ER-Reg,sparse@0.25,0,fgnn_faq,27,0.794,673.0
ER-Reg,sparse@0.25,0,fgnn_faq,28,0.862,725.0
ER-Reg,sparse@0.25,0,fgnn_faq,29,0.814,687.0
ER-Reg,sparse@0.25,0,chfgnn_proj,0,0.894,759.0
ER-Reg,sparse@0.25,0,chfgnn_proj,1,0.83,721.0
ER-Reg,sparse@0.25,0,chfgnn_proj,2,0.856,698.0
ER-Reg,sparse@0.25,0,chfgnn_proj,3,0.846,733.0
ER-Reg,sparse@0.25,0,chfgnn_proj,4,0.848,730.0
ER-Reg,sparse@0.25,0,chfgnn_proj,5,0.824,726.0
ER-Reg,sparse@0.25,0,chfgnn_proj,6,0.84,715.0
ER-Reg,sparse@0.25,0,chfgnn_proj,7,0.878,779.0
ER-Reg,sparse@0.25,0,chfgnn_proj,8,0.772,648.0
ER-Reg,sparse@0.25,0,chfgnn_proj,9,0.872,721.0
ER-Reg,sparse@0.25,0,chfgnn_proj,10,0.912,780.0
ER-Reg,sparse@0.25,0,chfgnn_proj,11,0.84,703.0
ER-Reg,sparse@0.25,0,chfgnn_proj,12,0.858,730.0
ER-Reg,sparse@0.25,0,chfgnn_proj,13,0.862,747.0
ER-Reg,sparse@0.25,0,chfgnn_proj,14,0.828,711.0
ER-Reg,sparse@0.25,0,chfgnn_proj,15,0.832,723.0
ER-Reg,sparse@0.25,0,chfgnn_proj,16,0.76,639.0
ER-Reg,sparse@0.25,0,chfgnn_proj,17,0.868,698.0
ER-Reg,sparse@0.25,0,chfgnn_proj,18,0.794,660.0
ER-Reg,sparse@0.25,0,chfgnn_proj,19,0.842,717.0
ER-Reg,sparse@0.25,0,chfgnn_proj,20,0.892,751.0
ER-Reg,sparse@0.25,0,chfgnn_proj,21,0.874,733.0
ER-Reg,sparse@0.25,0,chfgnn_proj,22,0.866,744.0
ER-Reg,sparse@0.25,0,chfgnn_proj,23,0.858,758.0
ER-Reg,sparse@0.25,0,chfgnn_proj,24,0.894,783.0
ER-Reg,sparse@0.25,0,chfgnn_proj,25,0.858,723.0
ER-Reg,sparse@0.25,0,chfgnn_proj,26,0.882,742.0
ER-Reg,sparse@0.25,0,chfgnn_proj,27,0.842,681.0
ER-Reg,sparse@0.25,0,chfgnn_proj,28,0.878,721.0
ER-Reg,sparse@0.25,0,chfgnn_proj,29,0.852,689.0
ER-Reg,sparse@0.25,0,chfgnn_faq,0,0.902,769.0
ER-Reg,sparse@0.25,0,chfgnn_faq,1,0.852,742.0
ER-Reg,sparse@0.25,0,chfgnn_faq,2,0.906,725.0
ER-Reg,sparse@0.25,0,chfgnn_faq,3,0.876,754.0
ER-Reg,sparse@0.25,0,chfgnn_faq,4,0.868,743.0
ER-Reg,sparse@0.25,0,chfgnn_faq,5,0.876,752.0
ER-Reg,sparse@0.25,0,chfgnn_faq,6,0.87,733.0
ER-Reg,sparse@0.25,0,chfgnn_faq,7,0.898,790.0
ER-Reg,sparse@0.25,0,chfgnn_faq,8,0.81,688.0
ER-Reg,sparse@0.25,0,chfgnn_faq,9,0.898,733.0
ER-Reg,sparse@0.25,0,chfgnn_faq,10,0.936,791.0
ER-Reg,sparse@0.25,0,chfgnn_faq,11,0.89,721.0
ER-Reg,sparse@0.25,0,chfgnn_faq,12,0.852,745.0
ER-Reg,sparse@0.25,0,chfgnn_faq,13,0.888,763.0
ER-Reg,sparse@0.25,0,chfgnn_faq,14,0.898,749.0
ER-Reg,sparse@0.25,0,chfgnn_faq,15,0.892,752.0
ER-Reg,sparse@0.25,0,chfgnn_faq,16,0.826,691.0
ER-Reg,sparse@0.25,0,chfgnn_faq,17,0.906,721.0
ER-Reg,sparse@0.25,0,chfgnn_faq,18,0.842,706.0
ER-Reg,sparse@0.25,0,chfgnn_faq,19,0.88,741.0
ER-Reg,sparse@0.25,0,chfgnn_faq,20,0.906,764.0
ER-Reg,sparse@0.25,0,chfgnn_faq,21,0.908,752.0
ER-Reg,sparse@0.25,0,chfgnn_faq,22,0.876,752.0
ER-Reg,sparse@0.25,0,chfgnn_faq,23,0.904,786.0
ER-Reg,sparse@0.25,0,chfgnn_faq,24,0.932,797.0
ER-Reg,sparse@0.25,0,chfgnn_faq,25,0.864,738.0
ER-Reg,sparse@0.25,0,chfgnn_faq,26,0.924,763.0
ER-Reg,sparse@0.25,0,chfgnn_faq,27,0.894,702.0
ER-Reg,sparse@0.25,0,chfgnn_faq,28,0.904,742.0
ER-Reg,sparse@0.25,0,chfgnn_faq,29,0.854,703.0
ER-Reg,sparse@0.3,0,proj_dcx,0,0.048,114.0
ER-Reg,sparse@0.3,0,proj_dcx,1,0.048,129.0
ER-Reg,sparse@0.3,0,proj_dcx,2,0.032,103.0
ER-Reg,sparse@0.3,0,proj_dcx,3,0.036,106.0
ER-Reg,sparse@0.3,0,proj_dcx,4,0.03,122.0
ER-Reg,sparse@0.3,0,proj_dcx,5,0.024,112.0
ER-Reg,sparse@0.3,0,proj_dcx,6,0.066,114.0
ER-Reg,sparse@0.3,0,proj_dcx,7,0.028,109.0
ER-Reg,sparse@0.3,0,proj_dcx,8,0.024,118.0
ER-Reg,sparse@0.3,0,proj_dcx,9,0.05,124.0
ER-Reg,sparse@0.3,0,proj_dcx,10,0.072,119.0
ER-Reg,sparse@0.3,0,proj_dcx,11,0.054,130.0
ER-Reg,sparse@0.3,0,proj_dcx,12,0.03,108.0
ER-Reg,sparse@0.3,0,proj_dcx,13,0.092,135.0
ER-Reg,sparse@0.3,0,proj_dcx,14,0.012,106.0
ER-Reg,sparse@0.3,0,proj_dcx,15,0.034,113.0
ER-Reg,sparse@0.3,0,proj_dcx,16,0.028,117.0
ER-Reg,sparse@0.3,0,proj_dcx,17,0.048,117.0
ER-Reg,sparse@0.3,0,proj_dcx,18,0.022,108.0
ER-Reg,sparse@0.3,0,proj_dcx,19,0.032,109.0
ER-Reg,sparse@0.3,0,proj_dcx,20,0.066,136.0
ER-Reg,sparse@0.3,0,proj_dcx,21,0.036,135.0
ER-Reg,sparse@0.3,0,proj_dcx,22,0.028,113.0
ER-Reg,sparse@0.3,0,proj_dcx,23,0.04,123.0
ER-Reg,sparse@0.3,0,proj_dcx,24,0.042,125.0
ER-Reg,sparse@0.3,0,proj_dcx,25,0.056,113.0
ER-Reg,sparse@0.3,0,proj_dcx,26,0.048,127.0
ER-Reg,sparse@0.3,0,proj_dcx,27,0.024,105.0
ER-Reg,sparse@0.3,0,proj_dcx,28,0.02,128.0
ER-Reg,sparse@0.3,0,proj_dcx,29,0.038,104.0
ER-Reg,sparse@0.3,0,faq_dcx,0,0.052,495.0
ER-Reg,sparse@0.3,0,faq_dcx,1,0.034,488.0
ER-Reg,sparse@0.3,0,faq_dcx,2,0.024,487.0
ER-Reg,sparse@0.3,0,faq_dcx,3,0.048,499.0
ER-Reg,sparse@0.3,0,faq_dcx,4,0.022,478.0
ER-Reg,sparse@0.3,0,faq_dcx,5,0.022,482.0
ER-Reg,sparse@0.3,0,faq_dcx,6,0.086,488.0
ER-Reg,sparse@0.3,0,faq_dcx,7,0.014,484.0
ER-Reg,sparse@0.3,0,faq_dcx,8,0.018,474.0
ER-Reg,sparse@0.3,0,faq_dcx,9,0.052,488.0
ER-Reg,sparse@0.3,0,faq_dcx,10,0.096,504.0
ER-Reg,sparse@0.3,0,faq_dcx,11,0.03,476.0
ER-Reg,sparse@0.3,0,faq_dcx,12,0.008,485.0
ER-Reg,sparse@0.3,0,faq_dcx,13,0.086,480.0
ER-Reg,sparse@0.3,0,faq_dcx,14,0.006,482.0
ER-Reg,sparse@0.3,0,faq_dcx,15,0.06,492.0
ER-Reg,sparse@0.3,0,faq_dcx,16,0.018,475.0
ER-Reg,sparse@0.3,0,faq_dcx,17,0.048,485.0
ER-Reg,sparse@0.3,0,faq_dcx,18,0.03,480.0
ER-Reg,sparse@0.3,0,faq_dcx,19,0.012,483.0
ER-Reg,sparse@0.3,0,faq_dcx,20,0.052,493.0
ER-Reg,sparse@0.3,0,faq_dcx,21,0.04,488.0
ER-Reg,sparse@0.3,0,faq_dcx,22,0.024,477.0
ER-Reg,sparse@0.3,0,faq_dcx,23,0.016,493.0
ER-Reg,sparse@0.3,0,faq_dcx,24,0.054,485.0
ER-Reg,sparse@0.3,0,faq_dcx,25,0.09,488.0
ER-Reg,sparse@0.3,0,faq_dcx,26,0.024,493.0
ER-Reg,sparse@0.3,0,faq_dcx,27,0.01,468.0
ER-Reg,sparse@0.3,0,faq_dcx,28,0.004,479.0
ER-Reg,sparse@0.3,0,faq_dcx,29,0.026,466.0
ER-Reg,sparse@0.3,0,fgnn_proj,0,0.254,120.0
ER-Reg,sparse@0.3,0,fgnn_proj,1,0.246,112.0
ER-Reg,sparse@0.3,0,fgnn_proj,2,0.21,84.0
ER-Reg,sparse@0.3,0,fgnn_proj,3,0.21,93.0
ER-Reg,sparse@0.3,0,fgnn_proj,4,0.21,99.0
ER-Reg,sparse@0.3,0,fgnn_proj,5,0.17,67.0
ER-Reg,sparse@0.3,0,fgnn_proj,6,0.296,133.0
ER-Reg,sparse@0.3,0,fgnn_proj,7,0.22,84.0
ER-Reg,sparse@0.3,0,fgnn_proj,8,0.184,74.0
ER-Reg,sparse@0.3,0,fgnn_proj,9,0.192,92.0
ER-Reg,sparse@0.3,0,fgnn_proj,10,0.244,109.0
ER-Reg,sparse@0.3,0,fgnn_proj,11,0.206,93.0
ER-Reg,sparse@0.3,0,fgnn_proj,12,0.264,125.0
ER-Reg,sparse@0.3,0,fgnn_proj,13,0.254,119.0
ER-Reg,sparse@0.3,0,fgnn_proj,14,0.18,72.0
ER-Reg,sparse@0.3,0,fgnn_proj,15,0.23,99.0
ER-Reg,sparse@0.3,0,fgnn_proj,16,0.21,87.0
ER-Reg,sparse@0.3,0,fgnn_proj,17,0.224,96.0
ER-Reg,sparse@0.3,0,fgnn_proj,18,0.19,85.0
ER-Reg,sparse@0.3,0,fgnn_proj,19,0.216,88.0
ER-Reg,sparse@0.3,0,fgnn_proj,20,0.252,116.0
ER-Reg,sparse@0.3,0,fgnn_proj,21,0.212,105.0
ER-Reg,sparse@0.3,0,fgnn_proj,22,0.22,98.0
ER-Reg,sparse@0.3,0,fgnn_proj,23,0.202,87.0
ER-Reg,sparse@0.3,0,fgnn_proj,24,0.188,71.0
ER-Reg,sparse@0.3,0,fgnn_proj,25,0.246,104.0
ER-Reg,sparse@0.3,0,fgnn_proj,26,0.204,78.0
ER-Reg,sparse@0.3,0,fgnn_proj,27,0.184,72.0
ER-Reg,sparse@0.3,0,fgnn_proj,28,0.202,86.0
ER-Reg,sparse@0.3,0,fgnn_proj,29,0.216,105.0
ER-Reg,sparse@0.3,0,fgnn_faq,0,0.822,713.0
ER-Reg,sparse@0.3,0,fgnn_faq,1,0.612,639.0
ER-Reg,sparse@0.3,0,fgnn_faq,2,0.458,570.0
ER-Reg,sparse@0.3,0,fgnn_faq,3,0.754,688.0
ER-Reg,sparse@0.3,0,fgnn_faq,4,0.54,605.0
ER-Reg,sparse@0.3,0,fgnn_faq,5,0.32,535.0
ER-Reg,sparse@0.3,0,fgnn_faq,6,0.786,693.0
ER-Reg,sparse@0.3,0,fgnn_faq,7,0.532,592.0
ER-Reg,sparse@0.3,0,fgnn_faq,8,0.274,503.0
ER-Reg,sparse@0.3,0,fgnn_faq,9,0.492,580.0
ER-Reg,sparse@0.3,0,fgnn_faq,10,0.824,720.0
ER-Reg,sparse@0.3,0,fgnn_faq,11,0.5,586.0
ER-Reg,sparse@0.3,0,fgnn_faq,12,0.798,700.0
ER-Reg,sparse@0.3,0,fgnn_faq,13,0.794,698.0
ER-Reg,sparse@0.3,0,fgnn_faq,14,0.292,535.0
ER-Reg,sparse@0.3,0,fgnn_faq,15,0.686,655.0
ER-Reg,sparse@0.3,0,fgnn_faq,16,0.638,610.0
ER-Reg,sparse@0.3,0,fgnn_faq,17,0.606,621.0
ER-Reg,sparse@0.3,0,fgnn_faq,18,0.258,499.0
ER-Reg,sparse@0.3,0,fgnn_faq,19,0.764,676.0
ER-Reg,sparse@0.3,0,fgnn_faq,20,0.762,704.0
ER-Reg,sparse@0.3,0,fgnn_faq,21,0.508,602.0
ER-Reg,sparse@0.3,0,fgnn_faq,22,0.508,595.0
ER-Reg,sparse@0.3,0,fgnn_faq,23,0.826,737.0
ER-Reg,sparse@0.3,0,fgnn_faq,24,0.466,583.0
ER-Reg,sparse@0.3,0,fgnn_faq,25,0.776,682.0
ER-Reg,sparse@0.3,0,fgnn_faq,26,0.36,539.0
ER-Reg,sparse@0.3,0,fgnn_faq,27,0.328,508.0
ER-Reg,sparse@0.3,0,fgnn_faq,28,0.608,627.0
ER-Reg,sparse@0.3,0,fgnn_faq,29,0.596,595.0
ER-Reg,sparse@0.3,0,chfgnn_proj,0,0.77,681.0
ER-Reg,sparse@0.3,0,chfgnn_proj,1,0.744,651.0
ER-Reg,sparse@0.3,0,chfgnn_proj,2,0.008,259.0
ER-Reg,sparse@0.3,0,chfgnn_proj,3,0.022,230.0
ER-Reg,sparse@0.3,0,chfgnn_proj,4,0.188,292.0
ER-Reg,sparse@0.3,0,chfgnn_proj,5,0.014,281.0
ER-Reg,sparse@0.3,0,chfgnn_proj,6,0.766,648.0
ER-Reg,sparse@0.3,0,chfgnn_proj,7,0.022,250.0
ER-Reg,sparse@0.3,0,chfgnn_proj,8,0.012,261.0
ER-Reg,sparse@0.3,0,chfgnn_proj,9,0.274,327.0
ER-Reg,sparse@0.3,0,chfgnn_proj,10,0.856,719.0
ER-Reg,sparse@0.3,0,chfgnn_proj,11,0.644,581.0
ER-Reg,sparse@0.3,0,chfgnn_proj,12,0.78,677.0
ER-Reg,sparse@0.3,0,chfgnn_proj,13,0.806,697.0
ER-Reg,sparse@0.3,0,chfgnn_proj,14,0.018,290.0
ER-Reg,sparse@0.3,0,chfgnn_proj,15,0.604,549.0
ER-Reg,sparse@0.3,0,chfgnn_proj,16,0.01,288.0
ER-Reg,sparse@0.3,0,chfgnn_proj,17,0.672,593.0
ER-Reg,sparse@0.3,0,chfgnn_proj,18,0.448,456.0
ER-Reg,sparse@0.3,0,chfgnn_proj,19,0.018,225.0
ER-Reg,sparse@0.3,0,chfgnn_proj,20,0.782,661.0
ER-Reg,sparse@0.3,0,chfgnn_proj,21,0.694,632.0
ER-Reg,sparse@0.3,0,chfgnn_proj,22,0.086,268.0
ER-Reg,sparse@0.3,0,chfgnn_proj,23,0.28,373.0
ER-Reg,sparse@0.3,0,chfgnn_proj,24,0.246,330.0
ER-Reg,sparse@0.3,0,chfgnn_proj,25,0.736,634.0
ER-Reg,sparse@0.3,0,chfgnn_proj,26,0.722,615.0
ER-Reg,sparse@0.3,0,chfgnn_proj,27,0.014,255.0
ER-Reg,sparse@0.3,0,chfgnn_proj,28,0.026,264.0
ER-Reg,sparse@0.3,0,chfgnn_proj,29,0.648,551.0
ER-Reg,sparse@0.3,0,chfgnn_faq,0,0.836,719.0
ER-Reg,sparse@0.3,0,chfgnn_faq,1,0.768,688.0
ER-Reg,sparse@0.3,0,chfgnn_faq,2,0.0,501.0
ER-Reg,sparse@0.3,0,chfgnn_faq,3,0.014,519.0
ER-Reg,sparse@0.3,0,chfgnn_faq,4,0.224,533.0
ER-Reg,sparse@0.3,0,chfgnn_faq,5,0.012,509.0
ER-Reg,sparse@0.3,0,chfgnn_faq,6,0.826,698.0
ER-Reg,sparse@0.3,0,chfgnn_faq,7,0.028,511.0
ER-Reg,sparse@0.3,0,chfgnn_faq,8,0.012,514.0
ER-Reg,sparse@0.3,0,chfgnn_faq,9,0.332,563.0
ER-Reg,sparse@0.3,0,chfgnn_faq,10,0.894,741.0
ER-Reg,sparse@0.3,0,chfgnn_faq,11,0.704,655.0
ER-Reg,sparse@0.3,0,chfgnn_faq,12,0.838,705.0
ER-Reg,sparse@0.3,0,chfgnn_faq,13,0.848,717.0
ER-Reg,sparse@0.3,0,chfgnn_faq,14,0.012,532.0
ER-Reg,sparse@0.3,0,chfgnn_faq,15,0.738,678.0
ER-Reg,sparse@0.3,0,chfgnn_faq,16,0.006,519.0
ER-Reg,sparse@0.3,0,chfgnn_faq,17,0.73,663.0
ER-Reg,sparse@0.3,0,chfgnn_faq,18,0.534,599.0
ER-Reg,sparse@0.3,0,chfgnn_faq,19,0.018,504.0
ER-Reg,sparse@0.3,0,chfgnn_faq,20,0.846,719.0
ER-Reg,sparse@0.3,0,chfgnn_faq,21,0.76,690.0
ER-Reg,sparse@0.3,0,chfgnn_faq,22,0.076,526.0
ER-Reg,sparse@0.3,0,chfgnn_faq,23,0.43,612.0
ER-Reg,sparse@0.3,0,chfgnn_faq,24,0.326,575.0
ER-Reg,sparse@0.3,0,chfgnn_faq,25,0.798,688.0
ER-Reg,sparse@0.3,0,chfgnn_faq,26,0.816,699.0
ER-Reg,sparse@0.3,0,chfgnn_faq,27,0.012,504.0
ER-Reg,sparse@0.3,0,chfgnn_faq,28,0.022,524.0
ER-Reg,sparse@0.3,0,chfgnn_faq,29,0.734,643.0
ER-Reg,sparse@0.35,0,proj_dcx,0,0.026,119.0
ER-Reg,sparse@0.35,0,proj_dcx,1,0.028,112.0
ER-Reg,sparse@0.35,0,proj_dcx,2,0.014,121.0
ER-Reg,sparse@0.35,0,proj_dcx,3,0.022,107.0
ER-Reg,sparse@0.35,0,proj_dcx,4,0.014,113.0
ER-Reg,sparse@0.35,0,proj_dcx,5,0.03,98.0
ER-Reg,sparse@0.35,0,proj_dcx,6,0.026,124.0
ER-Reg,sparse@0.35,0,proj_dcx,7,0.014,115.0
ER-Reg,sparse@0.35,0,proj_dcx,8,0.014,121.0
ER-Reg,sparse@0.35,0,proj_dcx,9,0.03,119.0
ER-Reg,sparse@0.35,0,proj_dcx,10,0.016,124.0
ER-Reg,sparse@0.35,0,proj_dcx,11,0.032,112.0
ER-Reg,sparse@0.35,0,proj_dcx,12,0.026,105.0
ER-Reg,sparse@0.35,0,proj_dcx,13,0.03,126.0
ER-Reg,sparse@0.35,0,proj_dcx,14,0.016,129.0
ER-Reg,sparse@0.35,0,proj_dcx,15,0.018,117.0
ER-Reg,sparse@0.35,0,proj_dcx,16,0.022,123.0
ER-Reg,sparse@0.35,0,proj_dcx,17,0.016,128.0
ER-Reg,sparse@0.35,0,proj_dcx,18,0.006,115.0
ER-Reg,sparse@0.35,0,proj_dcx,19,0.018,105.0
ER-Reg,sparse@0.35,0,proj_dcx,20,0.024,118.0
ER-Reg,sparse@0.35,0,proj_dcx,21,0.026,126.0
ER-Reg,sparse@0.35,0,proj_dcx,22,0.02,98.0
ER-Reg,sparse@0.35,0,proj_dcx,23,0.014,116.0
ER-Reg,sparse@0.35,0,proj_dcx,24,0.006,124.0
ER-Reg,sparse@0.35,0,proj_dcx,25,0.034,119.0
ER-Reg,sparse@0.35,0,proj_dcx,26,0.02,128.0
ER-Reg,sparse@0.35,0,proj_dcx,27,0.006,102.0
ER-Reg,sparse@0.35,0,proj_dcx,28,0.02,122.0
ER-Reg,sparse@0.35,0,proj_dcx,29,0.026,114.0
ER-Reg,sparse@0.35,0,faq_dcx,0,0.012,481.0
ER-Reg,sparse@0.35,0,faq_dcx,1,0.028,481.0
ER-Reg,sparse@0.35,0,faq_dcx,2,0.018,480.0
ER-Reg,sparse@0.35,0,faq_dcx,3,0.002,495.0
ER-Reg,sparse@0.35,0,faq_dcx,4,0.008,484.0
ER-Reg,sparse@0.35,0,faq_dcx,5,0.04,482.0
ER-Reg,sparse@0.35,0,faq_dcx,6,0.026,474.0
ER-Reg,sparse@0.35,0,faq_dcx,7,0.006,504.0
ER-Reg,sparse@0.35,0,faq_dcx,8,0.006,475.0
ER-Reg,sparse@0.35,0,faq_dcx,9,0.022,474.0
ER-Reg,sparse@0.35,0,faq_dcx,10,0.014,479.0
ER-Reg,sparse@0.35,0,faq_dcx,11,0.018,476.0
ER-Reg,sparse@0.35,0,faq_dcx,12,0.014,482.0
ER-Reg,sparse@0.35,0,faq_dcx,13,0.03,488.0
ER-Reg,sparse@0.35,0,faq_dcx,14,0.006,489.0
ER-Reg,sparse@0.35,0,faq_dcx,15,0.01,489.0
ER-Reg,sparse@0.35,0,faq_dcx,16,0.024,475.0
ER-Reg,sparse@0.35,0,faq_dcx,17,0.008,477.0
ER-Reg,sparse@0.35,0,faq_dcx,18,0.006,468.0
ER-Reg,sparse@0.35,0,faq_dcx,19,0.014,467.0
ER-Reg,sparse@0.35,0,faq_dcx,20,0.022,484.0
ER-Reg,sparse@0.35,0,faq_dcx,21,0.01,489.0
ER-Reg,sparse@0.35,0,faq_dcx,22,0.01,486.0
ER-Reg,sparse@0.35,0,faq_dcx,23,0.014,500.0
ER-Reg,sparse@0.35,0,faq_dcx,24,0.01,482.0
ER-Reg,sparse@0.35,0,faq_dcx,25,0.016,481.0
ER-Reg,sparse@0.35,0,faq_dcx,26,0.016,483.0
ER-Reg,sparse@0.35,0,faq_dcx,27,0.002,458.0
ER-Reg,sparse@0.35,0,faq_dcx,28,0.014,479.0
ER-Reg,sparse@0.35,0,faq_dcx,29,0.016,464.0
ER-Reg,sparse@0.35,0,fgnn_proj,0,0.164,75.0
ER-Reg,sparse@0.35,0,fgnn_proj,1,0.178,80.0
ER-Reg,sparse@0.35,0,fgnn_proj,2,0.16,72.0
ER-Reg,sparse@0.35,0,fgnn_proj,3,0.182,80.0
ER-Reg,sparse@0.35,0,fgnn_proj,4,0.154,72.0
ER-Reg,sparse@0.35,0,fgnn_proj,5,0.17,62.0
ER-Reg,sparse@0.35,0,fgnn_proj,6,0.194,82.0
ER-Reg,sparse@0.35,0,fgnn_proj,7,0.178,66.0
ER-Reg,sparse@0.35,0,fgnn_proj,8,0.146,64.0
ER-Reg,sparse@0.35,0,fgnn_proj,9,0.162,59.0
ER-Reg,sparse@0.35,0,fgnn_proj,10,0.118,70.0
ER-Reg,sparse@0.35,0,fgnn_proj,11,0.176,80.0
ER-Reg,sparse@0.35,0,fgnn_proj,12,0.182,82.0
ER-Reg,sparse@0.35,0,fgnn_proj,13,0.16,82.0
ER-Reg,sparse@0.35,0,fgnn_proj,14,0.132,60.0
ER-Reg,sparse@0.35,0,fgnn_proj,15,0.186,82.0
ER-Reg,sparse@0.35,0,fgnn_proj,16,0.188,83.0
ER-Reg,sparse@0.35,0,fgnn_proj,17,0.178,87.0
ER-Reg,sparse@0.35,0,fgnn_proj,18,0.138,55.0
ER-Reg,sparse@0.35,0,fgnn_proj,19,0.14,59.0
ER-Reg,sparse@0.35,0,fgnn_proj,20,0.17,74.0
ER-Reg,sparse@0.35,0,fgnn_proj,21,0.158,63.0
ER-Reg,sparse@0.35,0,fgnn_proj,22,0.164,69.0
ER-Reg,sparse@0.35,0,fgnn_proj,23,0.146,65.0
ER-Reg,sparse@0.35,0,fgnn_proj,24,0.15,70.0
ER-Reg,sparse@0.35,0,fgnn_proj,25,0.18,78.0
ER-Reg,sparse@0.35,0,fgnn_proj,26,0.174,73.0
ER-Reg,sparse@0.35,0,fgnn_proj,27,0.138,51.0
ER-Reg,sparse@0.35,0,fgnn_proj,28,0.176,78.0
ER-Reg,sparse@0.35,0,fgnn_proj,29,0.178,81.0
ER-Reg,sparse@0.35,0,fgnn_faq,0,0.32,529.0
ER-Reg,sparse@0.35,0,fgnn_faq,1,0.354,539.0
ER-Reg,sparse@0.35,0,fgnn_faq,2,0.208,507.0
ER-Reg,sparse@0.35,0,fgnn_faq,3,0.276,539.0
ER-Reg,sparse@0.35,0,fgnn_faq,4,0.184,504.0
ER-Reg,sparse@0.35,0,fgnn_faq,5,0.378,545.0
ER-Reg,sparse@0.35,0,fgnn_faq,6,0.28,526.0
ER-Reg,sparse@0.35,0,fgnn_faq,7,0.13,504.0
ER-Reg,sparse@0.35,0,fgnn_faq,8,0.114,475.0
ER-Reg,sparse@0.35,0,fgnn_faq,9,0.258,519.0
ER-Reg,sparse@0.35,0,fgnn_faq,10,0.114,487.0
ER-Reg,sparse@0.35,0,fgnn_faq,11,0.242,504.0
ER-Reg,sparse@0.35,0,fgnn_faq,12,0.458,576.0
ER-Reg,sparse@0.35,0,fgnn_faq,13,0.188,504.0
ER-Reg,sparse@0.35,0,fgnn_faq,14,0.192,505.0
ER-Reg,sparse@0.35,0,fgnn_faq,15,0.18,508.0
ER-Reg,sparse@0.35,0,fgnn_faq,16,0.388,533.0
ER-Reg,sparse@0.35,0,fgnn_faq,17,0.29,518.0
ER-Reg,sparse@0.35,0,fgnn_faq,18,0.116,478.0
ER-Reg,sparse@0.35,0,fgnn_faq,19,0.262,514.0
ER-Reg,sparse@0.35,0,fgnn_faq,20,0.232,515.0
ER-Reg,sparse@0.35,0,fgnn_faq,21,0.248,522.0
ER-Reg,sparse@0.35,0,fgnn_faq,22,0.226,499.0
ER-Reg,sparse@0.35,0,fgnn_faq,23,0.27,540.0
ER-Reg,sparse@0.35,0,fgnn_faq,24,0.354,554.0
ER-Reg,sparse@0.35,0,fgnn_faq,25,0.27,517.0
ER-Reg,sparse@0.35,0,fgnn_faq,26,0.244,516.0
ER-Reg,sparse@0.35,0,fgnn_faq,27,0.132,471.0
ER-Reg,sparse@0.35,0,fgnn_faq,28,0.242,513.0
ER-Reg,sparse@0.35,0,fgnn_faq,29,0.3,513.0
ER-Reg,sparse@0.35,0,chfgnn_proj,0,0.016,247.0
ER-Reg,sparse@0.35,0,chfgnn_proj,1,0.126,285.0
ER-Reg,sparse@0.35,0,chfgnn_proj,2,0.004,255.0
ER-Reg,sparse@0.35,0,chfgnn_proj,3,0.006,271.0
ER-Reg,sparse@0.35,0,chfgnn_proj,4,0.022,277.0
ER-Reg,sparse@0.35,0,chfgnn_proj,5,0.016,249.0
ER-Reg,sparse@0.35,0,chfgnn_proj,6,0.052,292.0
ER-Reg,sparse@0.35,0,chfgnn_proj,7,0.022,268.0
ER-Reg,sparse@0.35,0,chfgnn_proj,8,0.02,258.0
ER-Reg,sparse@0.35,0,chfgnn_proj,9,0.026,220.0
ER-Reg,sparse@0.35,0,chfgnn_proj,10,0.018,248.0
ER-Reg,sparse@0.35,0,chfgnn_proj,11,0.062,324.0
ER-Reg,sparse@0.35,0,chfgnn_proj,12,0.02,249.0
ER-Reg,sparse@0.35,0,chfgnn_proj,13,0.01,241.0
ER-Reg,sparse@0.35,0,chfgnn_proj,14,0.01,286.0
ER-Reg,sparse@0.35,0,chfgnn_proj,15,0.076,285.0
ER-Reg,sparse@0.35,0,chfgnn_proj,16,0.012,220.0
ER-Reg,sparse@0.35,0,chfgnn_proj,17,0.05,305.0
ER-Reg,sparse@0.35,0,chfgnn_proj,18,0.006,253.0
ER-Reg,sparse@0.35,0,chfgnn_proj,19,0.008,206.0
ER-Reg,sparse@0.35,0,chfgnn_proj,20,0.06,245.0
ER-Reg,sparse@0.35,0,chfgnn_proj,21,0.008,256.0
ER-Reg,sparse@0.35,0,chfgnn_proj,22,0.004,214.0
ER-Reg,sparse@0.35,0,chfgnn_proj,23,0.008,237.0
ER-Reg,sparse@0.35,0,chfgnn_proj,24,0.006,255.0
ER-Reg,sparse@0.35,0,chfgnn_proj,25,0.066,300.0
ER-Reg,sparse@0.35,0,chfgnn_proj,26,0.024,218.0
ER-Reg,sparse@0.35,0,chfgnn_proj,27,0.006,208.0
ER-Reg,sparse@0.35,0,chfgnn_proj,28,0.196,308.0
ER-Reg,sparse@0.35,0,chfgnn_proj,29,0.082,337.0
ER-Reg,sparse@0.35,0,chfgnn_faq,0,0.016,518.0
ER-Reg,sparse@0.35,0,chfgnn_faq,1,0.136,524.0
ER-Reg,sparse@0.35,0,chfgnn_faq,2,0.004,508.0
ER-Reg,sparse@0.35,0,chfgnn_faq,3,0.01,525.0
ER-Reg,sparse@0.35,0,chfgnn_faq,4,0.008,528.0
ER-Reg,sparse@0.35,0,chfgnn_faq,5,0.016,520.0
ER-Reg,sparse@0.35,0,chfgnn_faq,6,0.04,520.0
ER-Reg,sparse@0.35,0,chfgnn_faq,7,0.014,527.0
ER-Reg,sparse@0.35,0,chfgnn_faq,8,0.014,516.0
ER-Reg,sparse@0.35,0,chfgnn_faq,9,0.02,510.0
ER-Reg,sparse@0.35,0,chfgnn_faq,10,0.01,515.0
ER-Reg,sparse@0.35,0,chfgnn_faq,11,0.078,523.0
ER-Reg,sparse@0.35,0,chfgnn_faq,12,0.01,510.0
ER-Reg,sparse@0.35,0,chfgnn_faq,13,0.01,523.0
ER-Reg,sparse@0.35,0,chfgnn_faq,14,0.01,533.0
ER-Reg,sparse@0.35,0,chfgnn_faq,15,0.072,515.0
ER-Reg,sparse@0.35,0,chfgnn_faq,16,0.016,500.0
ER-Reg,sparse@0.35,0,chfgnn_faq,17,0.042,515.0
ER-Reg,sparse@0.35,0,chfgnn_faq,18,0.002,503.0
ER-Reg,sparse@0.35,0,chfgnn_faq,19,0.004,502.0
ER-Reg,sparse@0.35,0,chfgnn_faq,20,0.06,535.0
ER-Reg,sparse@0.35,0,chfgnn_faq,21,0.004,516.0
ER-Reg,sparse@0.35,0,chfgnn_faq,22,0.0,522.0
ER-Reg,sparse@0.35,0,chfgnn_faq,23,0.006,535.0
ER-Reg,sparse@0.35,0,chfgnn_faq,24,0.002,527.0
ER-Reg,sparse@0.35,0,chfgnn_faq,25,0.076,523.0
ER-Reg,sparse@0.35,0,chfgnn_faq,26,0.014,524.0
ER-Reg,sparse@0.35,0,chfgnn_faq,27,0.0,504.0
ER-Reg,sparse@0.35,0,chfgnn_faq,28,0.208,549.0
ER-Reg,sparse@0.35,0,chfgnn_faq,29,0.086,528.0
ER-Reg,dense@0,0,proj_dcx,0,1.0,19968.0
ER-Reg,dense@0,0,proj_dcx,1,1.0,20005.0
ER-Reg,dense@0,0,proj_dcx,2,1.0,19860.0
ER-Reg,dense@0,0,proj_dcx,3,1.0,19769.0
ER-Reg,dense@0,0,proj_dcx,4,1.0,20026.0
ER-Reg,dense@0,0,proj_dcx,5,1.0,19979.0
ER-Reg,dense@0,0,proj_dcx,6,1.0,19971.0
ER-Reg,dense@0,0,proj_dcx,7,1.0,19893.0
ER-Reg,dense@0,0,proj_dcx,8,1.0,19821.0
ER-Reg,dense@0,0,proj_dcx,9,1.0,19770.0
ER-Reg,dense@0,0,faq_dcx,0,1.0,19968.0
ER-Reg,dense@0,0,faq_dcx,1,1.0,20005.0
ER-Reg,dense@0,0,faq_dcx,2,1.0,19860.0
ER-Reg,dense@0,0,faq_dcx,3,1.0,19769.0
ER-Reg,dense@0,0,faq_dcx,4,1.0,20026.0
ER-Reg,dense@0,0,faq_dcx,5,1.0,19979.0
ER-Reg,dense@0,0,faq_dcx,6,1.0,19971.0
ER-Reg,dense@0,0,faq_dcx,7,1.0,19893.0
ER-Reg,dense@0,0,faq_dcx,8,1.0,19821.0
ER-Reg,dense@0,0,faq_dcx,9,1.0,19770.0
ER-Reg,dense@0,0,fgnn_proj,0,1.0,19968.0
ER-Reg,dense@0,0,fgnn_proj,1,1.0,20005.0
ER-Reg,dense@0,0,fgnn_proj,2,1.0,19860.0
ER-Reg,dense@0,0,fgnn_proj,3,1.0,19769.0
ER-Reg,dense@0,0,fgnn_proj,4,1.0,20026.0
ER-Reg,dense@0,0,fgnn_proj,5,1.0,19979.0
ER-Reg,dense@0,0,fgnn_proj,6,1.0,19971.0
ER-Reg,dense@0,0,fgnn_proj,7,1.0,19893.0
ER-Reg,dense@0,0,fgnn_proj,8,1.0,19821.0
ER-Reg,dense@0,0,fgnn_proj,9,1.0,19770.0
ER-Reg,dense@0,0,fgnn_faq,0,1.0,19968.0
ER-Reg,dense@0,0,fgnn_faq,1,1.0,20005.0
ER-Reg,dense@0,0,fgnn_faq,2,1.0,19860.0
ER-Reg,dense@0,0,fgnn_faq,3,1.0,19769.0
ER-Reg,dense@0,0,fgnn_faq,4,1.0,20026.0
ER-Reg,dense@0,0,fgnn_faq,5,1.0,19979.0
ER-Reg,dense@0,0,fgnn_faq,6,1.0,19971.0
ER-Reg,dense@0,0,fgnn_faq,7,1.0,19893.0
ER-Reg,dense@0,0,fgnn_faq,8,1.0,19821.0
ER-Reg,dense@0,0,fgnn_faq,9,1.0,19770.0
ER-Reg,dense@0,0,chfgnn_proj,0,1.0,19968.0
ER-Reg,dense@0,0,chfgnn_proj,1,1.0,20005.0
ER-Reg,dense@0,0,chfgnn_proj,2,1.0,19860.0
ER-Reg,dense@0,0,chfgnn_proj,3,1.0,19769.0
ER-Reg,dense@0,0,chfgnn_proj,4,1.0,20026.0
ER-Reg,dense@0,0,chfgnn_proj,5,1.0,19979.0
ER-Reg,dense@0,0,chfgnn_proj,6,1.0,19971.0
ER-Reg,dense@0,0,chfgnn_proj,7,1.0,19893.0
ER-Reg,dense@0,0,chfgnn_proj,8,1.0,19821.0
ER-Reg,dense@0,0,chfgnn_proj,9,1.0,19770.0
ER-Reg,dense@0,0,chfgnn_faq,0,1.0,19968.0
ER-Reg,dense@0,0,chfgnn_faq,1,1.0,20005.0
ER-Reg,dense@0,0,chfgnn_faq,2,1.0,19860.0
ER-Reg,dense@0,0,chfgnn_faq,3,1.0,19769.0
ER-Reg,dense@0,0,chfgnn_faq,4,1.0,20026.0
ER-Reg,dense@0,0,chfgnn_faq,5,1.0,19979.0
ER-Reg,dense@0,0,chfgnn_faq,6,1.0,19971.0
ER-Reg,dense@0,0,chfgnn_faq,7,1.0,19893.0
ER-Reg,dense@0,0,chfgnn_faq,8,1.0,19821.0
ER-Reg,dense@0,0,chfgnn_faq,9,1.0,19770.0
ER-Reg,dense@0.05,0,proj_dcx,0,1.0,18994.0
ER-Reg,dense@0.05,0,proj_dcx,1,1.0,19019.0
ER-Reg,dense@0.05,0,proj_dcx,2,1.0,18824.0
ER-Reg,dense@0.05,0,proj_dcx,3,1.0,18767.0
ER-Reg,dense@0.05,0,proj_dcx,4,1.0,19045.0
ER-Reg,dense@0.05,0,proj_dcx,5,1.0,18953.0
ER-Reg,dense@0.05,0,proj_dcx,6,1.0,18977.0
ER-Reg,dense@0.05,0,proj_dcx,7,1.0,18884.0
ER-Reg,dense@0.05,0,proj_dcx,8,1.0,18790.0
ER-Reg,dense@0.05,0,proj_dcx,9,1.0,18784.0
ER-Reg,dense@0.05,0,faq_dcx,0,1.0,18994.0
ER-Reg,dense@0.05,0,faq_dcx,1,1.0,19019.0
ER-Reg,dense@0.05,0,faq_dcx,2,1.0,18824.0
ER-Reg,dense@0.05,0,faq_dcx,3,1.0,18767.0
ER-Reg,dense@0.05,0,faq_dcx,4,1.0,19045.0
ER-Reg,dense@0.05,0,faq_dcx,5,1.0,18953.0
ER-Reg,dense@0.05,0,faq_dcx,6,1.0,18977.0
ER-Reg,dense@0.05,0,faq_dcx,7,1.0,18884.0
ER-Reg,dense@0.05,0,faq_dcx,8,1.0,18790.0
ER-Reg,dense@0.05,0,faq_dcx,9,1.0,18784.0
ER-Reg,dense@0.05,0,fgnn_proj,0,0.996,18864.0
ER-Reg,dense@0.05,0,fgnn_proj,1,1.0,19019.0
ER-Reg,dense@0.05,0,fgnn_proj,2,1.0,18824.0
ER-Reg,dense@0.05,0,fgnn_proj,3,1.0,18767.0
ER-Reg,dense@0.05,0,fgnn_proj,4,1.0,19045.0
ER-Reg,dense@0.05,0,fgnn_proj,5,1.0,18953.0
ER-Reg,dense@0.05,0,fgnn_proj,6,1.0,18977.0
ER-Reg,dense@0.05,0,fgnn_proj,7,1.0,18884.0
ER-Reg,dense@0.05,0,fgnn_proj,8,1.0,18790.0
ER-Reg,dense@0.05,0,fgnn_proj,9,1.0,18784.0
ER-Reg,dense@0.05,0,fgnn_faq,0,1.0,18994.0
ER-Reg,dense@0.05,0,fgnn_faq,1,1.0,19019.0
ER-Reg,dense@0.05,0,fgnn_faq,2,1.0,18824.0
ER-Reg,dense@0.05,0,fgnn_faq,3,1.0,18767.0
ER-Reg,dense@0.05,0,fgnn_faq,4,1.0,19045.0
ER-Reg,dense@0.05,0,fgnn_faq,5,1.0,18953.0
ER-Reg,dense@0.05,0,fgnn_faq,6,1.0,18977.0
ER-Reg,dense@0.05,0,fgnn_faq,7,1.0,18884.0
ER-Reg,dense@0.05,0,fgnn_faq,8,1.0,18790.0
ER-Reg,dense@0.05,0,fgnn_faq,9,1.0,18784.0
ER-Reg,dense@0.05,0,chfgnn_proj,0,1.0,18994.0
ER-Reg,dense@0.05,0,chfgnn_proj,1,1.0,19019.0
ER-Reg,dense@0.05,0,chfgnn_proj,2,1.0,18824.0
ER-Reg,dense@0.05,0,chfgnn_proj,3,1.0,18767.0
ER-Reg,dense@0.05,0,chfgnn_proj,4,1.0,19045.0
ER-Reg,dense@0.05,0,chfgnn_proj,5,1.0,18953.0
ER-Reg,dense@0.05,0,chfgnn_proj,6,1.0,18977.0
ER-Reg,dense@0.05,0,chfgnn_proj,7,1.0,18884.0
ER-Reg,dense@0.05,0,chfgnn_proj,8,1.0,18790.0
ER-Reg,dense@0.05,0,chfgnn_proj,9,1.0,18784.0
ER-Reg,dense@0.05,0,chfgnn_faq,0,1.0,18994.0
ER-Reg,dense@0.05,0,chfgnn_faq,1,1.0,19019.0
ER-Reg,dense@0.05,0,chfgnn_faq,2,1.0,18824.0
ER-Reg,dense@0.05,0,chfgnn_faq,3,1.0,18767.0
ER-Reg,dense@0.05,0,chfgnn_faq,4,1.0,19045.0
ER-Reg,dense@0.05,0,chfgnn_faq,5,1.0,18953.0
ER-Reg,dense@0.05,0,chfgnn_faq,6,1.0,18977.0
ER-Reg,dense@0.05,0,chfgnn_faq,7,1.0,18884.0
ER-Reg,dense@0.05,0,chfgnn_faq,8,1.0,18790.0
ER-Reg,dense@0.05,0,chfgnn_faq,9,1.0,18784.0
ER-Reg,dense@0.1,0,proj_dcx,0,1.0,18011.0
ER-Reg,dense@0.1,0,proj_dcx,1,1.0,18009.0
ER-Reg,dense@0.1,0,proj_dcx,2,1.0,17802.0
ER-Reg,dense@0.1,0,proj_dcx,3,1.0,17777.0
ER-Reg,dense@0.1,0,proj_dcx,4,1.0,18043.0
ER-Reg,dense@0.1,0,proj_dcx,5,1.0,17916.0
ER-Reg,dense@0.1,0,proj_dcx,6,1.0,17908.0
ER-Reg,dense@0.1,0,proj_dcx,7,1.0,17915.0
ER-Reg,dense@0.1,0,proj_dcx,8,0.996,17664.0
ER-Reg,dense@0.1,0,proj_dcx,9,1.0,17780.0
ER-Reg,dense@0.1,0,faq_dcx,0,1.0,18011.0
ER-Reg,dense@0.1,0,faq_dcx,1,1.0,18009.0
ER-Reg,dense@0.1,0,faq_dcx,2,1.0,17802.0
ER-Reg,dense@0.1,0,faq_dcx,3,1.0,17777.0
ER-Reg,dense@0.1,0,faq_dcx,4,1.0,18043.0
ER-Reg,dense@0.1,0,faq_dcx,5,1.0,17916.0
ER-Reg,dense@0.1,0,faq_dcx,6,1.0,17908.0
ER-Reg,dense@0.1,0,faq_dcx,7,1.0,17915.0
ER-Reg,dense@0.1,0,faq_dcx,8,1.0,17804.0
ER-Reg,dense@0.1,0,faq_dcx,9,1.0,17780.0
ER-Reg,dense@0.1,0,fgnn_proj,0,0.862,14199.0
ER-Reg,dense@0.1,0,fgnn_proj,1,0.794,12648.0
ER-Reg,dense@0.1,0,fgnn_proj,2,0.8,12625.0
ER-Reg,dense@0.1,0,fgnn_proj,3,0.792,12464.0
ER-Reg,dense@0.1,0,fgnn_proj,4,0.828,13504.0
ER-Reg,dense@0.1,0,fgnn_proj,5,0.838,13723.0
ER-Reg,dense@0.1,0,fgnn_proj,6,0.804,12770.0
ER-Reg,dense@0.1,0,fgnn_proj,7,0.71,10712.0
ER-Reg,dense@0.1,0,fgnn_proj,8,0.7,10489.0
ER-Reg,dense@0.1,0,fgnn_proj,9,0.876,14505.0
ER-Reg,dense@0.1,0,fgnn_faq,0,1.0,18011.0
ER-Reg,dense@0.1,0,fgnn_faq,1,1.0,18009.0
ER-Reg,dense@0.1,0,fgnn_faq,2,1.0,17802.0
ER-Reg,dense@0.1,0,fgnn_faq,3,1.0,17777.0
ER-Reg,dense@0.1,0,fgnn_faq,4,1.0,18043.0
ER-Reg,dense@0.1,0,fgnn_faq,5,1.0,17916.0
ER-Reg,dense@0.1,0,fgnn_faq,6,1.0,17908.0
ER-Reg,dense@0.1,0,fgnn_faq,7,1.0,17915.0
ER-Reg,dense@0.1,0,fgnn_faq,8,1.0,17804.0
ER-Reg,dense@0.1,0,fgnn_faq,9,1.0,17780.0
ER-Reg,dense@0.1,0,chfgnn_proj,0,0.956,16744.0
ER-Reg,dense@0.1,0,chfgnn_proj,1,0.984,17575.0
ER-Reg,dense@0.1,0,chfgnn_proj,2,0.956,16591.0
ER-Reg,dense@0.1,0,chfgnn_proj,3,0.928,15841.0
ER-Reg,dense@0.1,0,chfgnn_proj,4,0.956,16831.0
ER-Reg,dense@0.1,0,chfgnn_proj,5,0.956,16744.0
ER-Reg,dense@0.1,0,chfgnn_proj,6,0.966,16903.0
ER-Reg,dense@0.1,0,chfgnn_proj,7,0.932,16012.0
ER-Reg,dense@0.1,0,chfgnn_proj,8,0.936,16037.0
ER-Reg,dense@0.1,0,chfgnn_proj,9,0.954,16558.0
ER-Reg,dense@0.1,0,chfgnn_faq,0,1.0,18011.0
ER-Reg,dense@0.1,0,chfgnn_faq,1,1.0,18009.0
ER-Reg,dense@0.1,0,chfgnn_faq,2,1.0,17802.0
ER-Reg,dense@0.1,0,chfgnn_faq,3,1.0,17777.0
ER-Reg,dense@0.1,0,chfgnn_faq,4,1.0,18043.0
ER-Reg,dense@0.1,0,chfgnn_faq,5,1.0,17916.0
ER-Reg,dense@0.1,0,chfgnn_faq,6,1.0,17908.0
ER-Reg,dense@0.1,0,chfgnn_faq,7,1.0,17915.0
ER-Reg,dense@0.1,0,chfgnn_faq,8,1.0,17804.0
ER-Reg,dense@0.1,0,chfgnn_faq,9,1.0,17780.0
ER-Reg,dense@0.15,0,proj_dcx,0,0.724,10537.0
ER-Reg,dense@0.15,0,proj_dcx,1,0.788,11979.0
ER-Reg,dense@0.15,0,proj_dcx,2,0.612,8565.0
ER-Reg,dense@0.15,0,proj_dcx,3,0.632,8880.0
ER-Reg,dense@0.15,0,proj_dcx,4,0.76,11417.0
ER-Reg,dense@0.15,0,proj_dcx,5,0.756,11348.0
ER-Reg,dense@0.15,0,proj_dcx,6,0.734,10838.0
ER-Reg,dense@0.15,0,proj_dcx,7,0.578,7999.0
ER-Reg,dense@0.15,0,proj_dcx,8,0.426,5998.0
ER-Reg,dense@0.15,0,proj_dcx,9,0.738,10710.0
ER-Reg,dense@0.15,0,faq_dcx,0,1.0,16982.0
ER-Reg,dense@0.15,0,faq_dcx,1,1.0,17022.0
ER-Reg,dense@0.15,0,faq_dcx,2,1.0,16863.0
ER-Reg,dense@0.15,0,faq_dcx,3,1.0,16802.0
ER-Reg,dense@0.15,0,faq_dcx,4,1.0,17077.0
ER-Reg,dense@0.15,0,faq_dcx,5,1.0,16892.0
ER-Reg,dense@0.15,0,faq_dcx,6,1.0,16915.0
ER-Reg,dense@0.15,0,faq_dcx,7,1.0,16919.0
ER-Reg,dense@0.15,0,faq_dcx,8,1.0,16872.0
ER-Reg,dense@0.15,0,faq_dcx,9,1.0,16781.0
ER-Reg,dense@0.15,0,fgnn_proj,0,0.456,6165.0
ER-Reg,dense@0.15,0,fgnn_proj,1,0.476,6494.0
ER-Reg,dense@0.15,0,fgnn_proj,2,0.374,5232.0
ER-Reg,dense@0.15,0,fgnn_proj,3,0.444,6062.0
ER-Reg,dense@0.15,0,fgnn_proj,4,0.444,6080.0
ER-Reg,dense@0.15,0,fgnn_proj,5,0.562,7902.0
ER-Reg,dense@0.15,0,fgnn_proj,6,0.456,6177.0
ER-Reg,dense@0.15,0,fgnn_proj,7,0.414,5819.0
ER-Reg,dense@0.15,0,fgnn_proj,8,0.446,6105.0
ER-Reg,dense@0.15,0,fgnn_proj,9,0.464,6248.0
ER-Reg,dense@0.15,0,fgnn_faq,0,1.0,16982.0
ER-Reg,dense@0.15,0,fgnn_faq,1,1.0,17022.0
ER-Reg,dense@0.15,0,fgnn_faq,2,1.0,16863.0
ER-Reg,dense@0.15,0,fgnn_faq,3,1.0,16802.0
ER-Reg,dense@0.15,0,fgnn_faq,4,1.0,17077.0
ER-Reg,dense@0.15,0,fgnn_faq,5,1.0,16892.0
ER-Reg,dense@0.15,0,fgnn_faq,6,1.0,16915.0
ER-Reg,dense@0.15,0,fgnn_faq,7,1.0,16919.0
ER-Reg,dense@0.15,0,fgnn_faq,8,1.0,16872.0
ER-Reg,dense@0.15,0,fgnn_faq,9,1.0,16781.0
ER-Reg,dense@0.15,0,chfgnn_proj,0,0.818,12658.0
ER-Reg,dense@0.15,0,chfgnn_proj,1,0.814,12638.0
ER-Reg,dense@0.15,0,chfgnn_proj,2,0.838,12957.0
ER-Reg,dense@0.15,0,chfgnn_proj,3,0.828,12692.0
ER-Reg,dense@0.15,0,chfgnn_proj,4,0.844,13307.0
ER-Reg,dense@0.15,0,chfgnn_proj,5,0.784,11948.0
ER-Reg,dense@0.15,0,chfgnn_proj,6,0.838,13031.0
ER-Reg,dense@0.15,0,chfgnn_proj,7,0.822,12710.0
ER-Reg,dense@0.15,0,chfgnn_proj,8,0.828,12806.0
ER-Reg,dense@0.15,0,chfgnn_proj,9,0.806,12241.0
ER-Reg,dense@0.15,0,chfgnn_faq,0,1.0,16982.0
ER-Reg,dense@0.15,0,chfgnn_faq,1,1.0,17022.0
ER-Reg,dense@0.15,0,chfgnn_faq,2,1.0,16863.0
ER-Reg,dense@0.15,0,chfgnn_faq,3,1.0,16802.0
ER-Reg,dense@0.15,0,chfgnn_faq,4,1.0,17077.0
ER-Reg,dense@0.15,0,chfgnn_faq,5,1.0,16892.0
ER-Reg,dense@0.15,0,chfgnn_faq,6,1.0,16915.0
ER-Reg,dense@0.15,0,chfgnn_faq,7,1.0,16919.0
ER-Reg,dense@0.15,0,chfgnn_faq,8,1.0,16872.0
ER-Reg,dense@0.15,0,chfgnn_faq,9,1.0,16781.0
ER-Reg,dense@0.2,0,proj_dcx,0,0.168,3958.0
ER-Reg,dense@0.2,0,proj_dcx,1,0.204,4172.0
ER-Reg,dense@0.2,0,proj_dcx,2,0.16,3913.0
ER-Reg,dense@0.2,0,proj_dcx,3,0.142,3780.0
ER-Reg,dense@0.2,0,proj_dcx,4,0.23,4223.0
ER-Reg,dense@0.2,0,proj_dcx,5,0.186,4084.0
ER-Reg,dense@0.2,0,proj_dcx,6,0.178,4025.0
ER-Reg,dense@0.2,0,proj_dcx,7,0.124,3819.0
ER-Reg,dense@0.2,0,proj_dcx,8,0.142,3732.0
ER-Reg,dense@0.2,0,proj_dcx,9,0.2,4041.0
ER-Reg,dense@0.2,0,faq_dcx,0,1.0,15976.0
ER-Reg,dense@0.2,0,faq_dcx,1,1.0,15995.0
ER-Reg,dense@0.2,0,faq_dcx,2,1.0,15875.0
ER-Reg,dense@0.2,0,faq_dcx,3,1.0,15752.0
ER-Reg,dense@0.2,0,faq_dcx,4,1.0,16095.0
ER-Reg,dense@0.2,0,faq_dcx,5,1.0,15869.0
ER-Reg,dense@0.2,0,faq_dcx,6,1.0,15912.0
ER-Reg,dense@0.2,0,faq_dcx,7,1.0,15888.0
ER-Reg,dense@0.2,0,faq_dcx,8,1.0,15848.0
ER-Reg,dense@0.2,0,faq_dcx,9,1.0,15778.0
ER-Reg,dense@0.2,0,fgnn_proj,0,0.3,4508.0
ER-Reg,dense@0.2,0,fgnn_proj,1,0.332,4750.0
ER-Reg,dense@0.2,0,fgnn_proj,2,0.242,4109.0
ER-Reg,dense@0.2,0,fgnn_proj,3,0.238,4197.0
ER-Reg,dense@0.2,0,fgnn_proj,4,0.27,4393.0
ER-Reg,dense@0.2,0,fgnn_proj,5,0.22,4079.0
ER-Reg,dense@0.2,0,fgnn_proj,6,0.272,4373.0
ER-Reg,dense@0.2,0,fgnn_proj,7,0.212,3883.0
ER-Reg,dense@0.2,0,fgnn_proj,8,0.248,4185.0
ER-Reg,dense@0.2,0,fgnn_proj,9,0.288,4482.0
ER-Reg,dense@0.2,0,fgnn_faq,0,1.0,15976.0
ER-Reg,dense@0.2,0,fgnn_faq,1,1.0,15995.0
ER-Reg,dense@0.2,0,fgnn_faq,2,1.0,15875.0
ER-Reg,dense@0.2,0,fgnn_faq,3,1.0,15752.0
ER-Reg,dense@0.2,0,fgnn_faq,4,1.0,16095.0
ER-Reg,dense@0.2,0,fgnn_faq,5,1.0,15869.0
ER-Reg,dense@0.2,0,fgnn_faq,6,1.0,15912.0
ER-Reg,dense@0.2,0,fgnn_faq,7,1.0,15888.0
ER-Reg,dense@0.2,0,fgnn_faq,8,1.0,15848.0
ER-Reg,dense@0.2,0,fgnn_faq,9,1.0,15778.0
ER-Reg,dense@0.2,0,chfgnn_proj,0,0.748,10614.0
ER-Reg,dense@0.2,0,chfgnn_proj,1,0.736,10478.0
ER-Reg,dense@0.2,0,chfgnn_proj,2,0.764,10903.0
ER-Reg,dense@0.2,0,chfgnn_proj,3,0.704,9699.0
ER-Reg,dense@0.2,0,chfgnn_proj,4,0.754,10897.0
ER-Reg,dense@0.2,0,chfgnn_proj,5,0.736,10286.0
ER-Reg,dense@0.2,0,chfgnn_proj,6,0.752,10773.0
ER-Reg,dense@0.2,0,chfgnn_proj,7,0.75,10592.0
ER-Reg,dense@0.2,0,chfgnn_proj,8,0.614,8325.0
ER-Reg,dense@0.2,0,chfgnn_proj,9,0.758,10764.0
ER-Reg,dense@0.2,0,chfgnn_faq,0,1.0,15976.0
ER-Reg,dense@0.2,0,chfgnn_faq,1,1.0,15995.0
ER-Reg,dense@0.2,0,chfgnn_faq,2,1.0,15875.0
ER-Reg,dense@0.2,0,chfgnn_faq,3,1.0,15752.0
ER-Reg,dense@0.2,0,chfgnn_faq,4,1.0,16095.0
ER-Reg,dense@0.2,0,chfgnn_faq,5,1.0,15869.0
ER-Reg,dense@0.2,0,chfgnn_faq,6,1.0,15912.0
ER-Reg,dense@0.2,0,chfgnn_faq,7,1.0,15888.0
ER-Reg,dense@0.2,0,chfgnn_faq,8,1.0,15848.0
ER-Reg,dense@0.2,0,chfgnn_faq,9,1.0,15778.0
ER-Reg,dense@0.25,0,proj_dcx,0,0.042,3597.0
ER-Reg,dense@0.25,0,proj_dcx,1,0.058,3695.0
ER-Reg,dense@0.25,0,proj_dcx,2,0.046,3592.0
ER-Reg,dense@0.25,0,proj_dcx,3,0.044,3608.0
ER-Reg,dense@0.25,0,proj_dcx,4,0.058,3699.0
ER-Reg,dense@0.25,0,proj_dcx,5,0.066,3680.0
ER-Reg,dense@0.25,0,proj_dcx,6,0.048,3773.0
ER-Reg,dense@0.25,0,proj_dcx,7,0.03,3666.0
ER-Reg,dense@0.25,0,proj_dcx,8,0.044,3644.0
ER-Reg,dense@0.25,0,proj_dcx,9,0.052,3691.0
ER-Reg,dense@0.25,0,faq_dcx,0,1.0,14967.0
ER-Reg,dense@0.25,0,faq_dcx,1,1.0,15006.0
ER-Reg,dense@0.25,0,faq_dcx,2,0.042,6242.0
ER-Reg,dense@0.25,0,faq_dcx,3,0.044,6212.0
ER-Reg,dense@0.25,0,faq_dcx,4,0.038,6278.0
ER-Reg,dense@0.25,0,faq_dcx,5,1.0,14911.0
ER-Reg,dense@0.25,0,faq_dcx,6,0.05,6234.0
ER-Reg,dense@0.25,0,faq_dcx,7,0.012,6248.0
ER-Reg,dense@0.25,0,faq_dcx,8,0.024,6256.0
ER-Reg,dense@0.25,0,faq_dcx,9,0.012,6186.0
ER-Reg,dense@0.25,0,fgnn_proj,0,0.188,3851.0
ER-Reg,dense@0.25,0,fgnn_proj,1,0.166,3738.0
ER-Reg,dense@0.25,0,fgnn_proj,2,0.128,3584.0
ER-Reg,dense@0.25,0,fgnn_proj,3,0.122,3535.0
ER-Reg,dense@0.25,0,fgnn_proj,4,0.15,3747.0
ER-Reg,dense@0.25,0,fgnn_proj,5,0.152,3659.0
ER-Reg,dense@0.25,0,fgnn_proj,6,0.154,3691.0
ER-Reg,dense@0.25,0,fgnn_proj,7,0.11,3537.0
ER-Reg,dense@0.25,0,fgnn_proj,8,0.166,3789.0
ER-Reg,dense@0.25,0,fgnn_proj,9,0.154,3641.0
ER-Reg,dense@0.25,0,fgnn_faq,0,1.0,14967.0
ER-Reg,dense@0.25,0,fgnn_faq,1,1.0,15006.0
ER-Reg,dense@0.25,0,fgnn_faq,2,1.0,14931.0
ER-Reg,dense@0.25,0,fgnn_faq,3,1.0,14764.0
ER-Reg,dense@0.25,0,fgnn_faq,4,1.0,15099.0
ER-Reg,dense@0.25,0,fgnn_faq,5,1.0,14911.0
ER-Reg,dense@0.25,0,fgnn_faq,6,1.0,14944.0
ER-Reg,dense@0.25,0,fgnn_faq,7,1.0,14877.0
ER-Reg,dense@0.25,0,fgnn_faq,8,1.0,14865.0
ER-Reg,dense@0.25,0,fgnn_faq,9,1.0,14746.0
ER-Reg,dense@0.25,0,chfgnn_proj,0,0.576,7633.0
ER-Reg,dense@0.25,0,chfgnn_proj,1,0.61,8122.0
ER-Reg,dense@0.25,0,chfgnn_proj,2,0.568,7473.0
ER-Reg,dense@0.25,0,chfgnn_proj,3,0.582,7689.0
ER-Reg,dense@0.25,0,chfgnn_proj,4,0.114,4083.0
ER-Reg,dense@0.25,0,chfgnn_proj,5,0.558,7413.0
ER-Reg,dense@0.25,0,chfgnn_proj,6,0.624,8180.0
ER-Reg,dense@0.25,0,chfgnn_proj,7,0.044,4031.0
ER-Reg,dense@0.25,0,chfgnn_proj,8,0.602,7845.0
ER-Reg,dense@0.25,0,chfgnn_proj,9,0.6,7794.0
ER-Reg,dense@0.25,0,chfgnn_faq,0,1.0,14967.0
ER-Reg,dense@0.25,0,chfgnn_faq,1,1.0,15006.0
ER-Reg,dense@0.25,0,chfgnn_faq,2,1.0,14931.0
ER-Reg,dense@0.25,0,chfgnn_faq,3,1.0,14764.0
ER-Reg,dense@0.25,0,chfgnn_faq,4,1.0,15099.0
ER-Reg,dense@0.25,0,chfgnn_faq,5,1.0,14911.0
ER-Reg,dense@0.25,0,chfgnn_faq,6,1.0,14944.0
ER-Reg,dense@0.25,0,chfgnn_faq,7,0.032,6268.0
ER-Reg,dense@0.25,0,chfgnn_faq,8,1.0,14865.0
ER-Reg,dense@0.25,0,chfgnn_faq,9,1.0,14746.0
ER-Reg,dense@0.3,0,proj_dcx,0,0.03,3720.0
ER-Reg,dense@0.3,0,proj_dcx,1,0.018,3620.0
ER-Reg,dense@0.3,0,proj_dcx,2,0.016,3711.0
ER-Reg,dense@0.3,0,proj_dcx,3,0.03,3617.0
ER-Reg,dense@0.3,0,proj_dcx,4,0.018,3648.0
ER-Reg,dense@0.3,0,proj_dcx,5,0.034,3647.0
ER-Reg,dense@0.3,0,proj_dcx,6,0.018,3700.0
ER-Reg,dense@0.3,0,proj_dcx,7,0.028,3598.0
ER-Reg,dense@0.3,0,proj_dcx,8,0.02,3587.0
ER-Reg,dense@0.3,0,proj_dcx,9,0.028,3607.0
ER-Reg,dense@0.3,0,faq_dcx,0,0.01,6250.0
ER-Reg,dense@0.3,0,faq_dcx,1,0.012,6254.0
ER-Reg,dense@0.3,0,faq_dcx,2,0.042,6250.0
ER-Reg,dense@0.3,0,faq_dcx,3,0.014,6187.0
ER-Reg,dense@0.3,0,faq_dcx,4,0.01,6285.0
ER-Reg,dense@0.3,0,faq_dcx,5,0.014,6240.0
ER-Reg,dense@0.3,0,faq_dcx,6,0.018,6230.0
ER-Reg,dense@0.3,0,faq_dcx,7,0.004,6208.0
ER-Reg,dense@0.3,0,faq_dcx,8,0.008,6215.0
ER-Reg,dense@0.3,0,faq_dcx,9,0.006,6144.0
ER-Reg,dense@0.3,0,fgnn_proj,0,0.116,3598.0
ER-Reg,dense@0.3,0,fgnn_proj,1,0.134,3689.0
ER-Reg,dense@0.3,0,fgnn_proj,2,0.096,3519.0
ER-Reg,dense@0.3,0,fgnn_proj,3,0.084,3478.0
ER-Reg,dense@0.3,0,fgnn_proj,4,0.104,3566.0
ER-Reg,dense@0.3,0,fgnn_proj,5,0.094,3493.0
ER-Reg,dense@0.3,0,fgnn_proj,6,0.08,3524.0
ER-Reg,dense@0.3,0,fgnn_proj,7,0.064,3458.0
ER-Reg,dense@0.3,0,fgnn_proj,8,0.08,3404.0
ER-Reg,dense@0.3,0,fgnn_proj,9,0.09,3440.0
ER-Reg,dense@0.3,0,fgnn_faq,0,1.0,13952.0
ER-Reg,dense@0.3,0,fgnn_faq,1,1.0,13940.0
ER-Reg,dense@0.3,0,fgnn_faq,2,1.0,13938.0
ER-Reg,dense@0.3,0,fgnn_faq,3,1.0,13744.0
ER-Reg,dense@0.3,0,fgnn_faq,4,1.0,14033.0
ER-Reg,dense@0.3,0,fgnn_faq,5,1.0,13970.0
ER-Reg,dense@0.3,0,fgnn_faq,6,0.074,6242.0
ER-Reg,dense@0.3,0,fgnn_faq,7,0.052,6232.0
ER-Reg,dense@0.3,0,fgnn_faq,8,1.0,13871.0
ER-Reg,dense@0.3,0,fgnn_faq,9,1.0,13727.0
ER-Reg,dense@0.3,0,chfgnn_proj,0,0.068,3972.0
ER-Reg,dense@0.3,0,chfgnn_proj,1,0.492,6309.0
ER-Reg,dense@0.3,0,chfgnn_proj,2,0.046,4032.0
ER-Reg,dense@0.3,0,chfgnn_proj,3,0.012,3955.0
ER-Reg,dense@0.3,0,chfgnn_proj,4,0.012,4105.0
ER-Reg,dense@0.3,0,chfgnn_proj,5,0.02,4069.0
ER-Reg,dense@0.3,0,chfgnn_proj,6,0.144,4271.0
ER-Reg,dense@0.3,0,chfgnn_proj,7,0.014,4022.0
ER-Reg,dense@0.3,0,chfgnn_proj,8,0.006,4025.0
ER-Reg,dense@0.3,0,chfgnn_proj,9,0.01,4020.0
ER-Reg,dense@0.3,0,chfgnn_faq,0,0.096,6319.0
ER-Reg,dense@0.3,0,chfgnn_faq,1,1.0,13940.0
ER-Reg,dense@0.3,0,chfgnn_faq,2,0.034,6303.0
ER-Reg,dense@0.3,0,chfgnn_faq,3,0.01,6232.0
ER-Reg,dense@0.3,0,chfgnn_faq,4,0.004,6232.0
ER-Reg,dense@0.3,0,chfgnn_faq,5,0.018,6304.0
ER-Reg,dense@0.3,0,chfgnn_faq,6,1.0,13920.0
ER-Reg,dense@0.3,0,chfgnn_faq,7,0.002,6260.0
ER-Reg,dense@0.3,0,chfgnn_faq,8,0.004,6270.0
ER-Reg,dense@0.3,0,chfgnn_faq,9,0.012,6225.0
ER-Reg,dense@0.35,0,proj_dcx,0,0.01,3684.0
ER-Reg,dense@0.35,0,proj_dcx,1,0.008,3626.0
ER-Reg,dense@0.35,0,proj_dcx,2,0.02,3592.0
ER-Reg,dense@0.35,0,proj_dcx,3,0.016,3665.0
ER-Reg,dense@0.35,0,proj_dcx,4,0.012,3659.0
ER-Reg,dense@0.35,0,proj_dcx,5,0.01,3602.0
ER-Reg,dense@0.35,0,proj_dcx,6,0.012,3624.0
ER-Reg,dense@0.35,0,proj_dcx,7,0.024,3518.0
ER-Reg,dense@0.35,0,proj_dcx,8,0.008,3556.0
ER-Reg,dense@0.35,0,proj_dcx,9,0.002,3516.0
ER-Reg,dense@0.35,0,faq_dcx,0,0.004,6219.0
ER-Reg,dense@0.35,0,faq_dcx,1,0.012,6215.0
ER-Reg,dense@0.35,0,faq_dcx,2,0.018,6207.0
ER-Reg,dense@0.35,0,faq_dcx,3,0.008,6154.0
ER-Reg,dense@0.35,0,faq_dcx,4,0.006,6267.0
ER-Reg,dense@0.35,0,faq_dcx,5,0.006,6262.0
ER-Reg,dense@0.35,0,faq_dcx,6,0.0,6255.0
ER-Reg,dense@0.35,0,faq_dcx,7,0.006,6228.0
ER-Reg,dense@0.35,0,faq_dcx,8,0.002,6148.0
ER-Reg,dense@0.35,0,faq_dcx,9,0.002,6226.0
ER-Reg,dense@0.35,0,fgnn_proj,0,0.056,3417.0
ER-Reg,dense@0.35,0,fgnn_proj,1,0.074,3475.0
ER-Reg,dense@0.35,0,fgnn_proj,2,0.062,3365.0
ER-Reg,dense@0.35,0,fgnn_proj,3,0.058,3433.0
ER-Reg,dense@0.35,0,fgnn_proj,4,0.062,3359.0
ER-Reg,dense@0.35,0,fgnn_proj,5,0.054,3455.0
ER-Reg,dense@0.35,0,fgnn_proj,6,0.056,3317.0
ER-Reg,dense@0.35,0,fgnn_proj,7,0.056,3490.0
ER-Reg,dense@0.35,0,fgnn_proj,8,0.034,3398.0
ER-Reg,dense@0.35,0,fgnn_proj,9,0.048,3461.0
ER-Reg,dense@0.35,0,fgnn_faq,0,0.036,6260.0
ER-Reg,dense@0.35,0,fgnn_faq,1,1.0,12923.0
ER-Reg,dense@0.35,0,fgnn_faq,2,0.028,6272.0
ER-Reg,dense@0.35,0,fgnn_faq,3,0.016,6175.0
ER-Reg,dense@0.35,0,fgnn_faq,4,0.014,6239.0
ER-Reg,dense@0.35,0,fgnn_faq,5,0.018,6250.0
ER-Reg,dense@0.35,0,fgnn_faq,6,0.03,6194.0
ER-Reg,dense@0.35,0,fgnn_faq,7,0.034,6244.0
ER-Reg,dense@0.35,0,fgnn_faq,8,0.012,6194.0
ER-Reg,dense@0.35,0,fgnn_faq,9,0.014,6220.0
ER-Reg,dense@0.35,0,chfgnn_proj,0,0.016,3948.0
ER-Reg,dense@0.35,0,chfgnn_proj,1,0.016,4090.0
ER-Reg,dense@0.35,0,chfgnn_proj,2,0.02,4071.0
ER-Reg,dense@0.35,0,chfgnn_proj,3,0.014,4010.0
ER-Reg,dense@0.35,0,chfgnn_proj,4,0.006,4038.0
ER-Reg,dense@0.35,0,chfgnn_proj,5,0.032,4074.0
ER-Reg,dense@0.35,0,chfgnn_proj,6,0.012,4103.0
ER-Reg,dense@0.35,0,chfgnn_proj,7,0.012,4086.0
ER-Reg,dense@0.35,0,chfgnn_proj,8,0.01,3866.0
ER-Reg,dense@0.35,0,chfgnn_proj,9,0.004,4081.0
ER-Reg,dense@0.35,0,chfgnn_faq,0,0.008,6245.0
ER-Reg,dense@0.35,0,chfgnn_faq,1,0.008,6296.0
ER-Reg,dense@0.35,0,chfgnn_faq,2,0.01,6227.0
ER-Reg,dense@0.35,0,chfgnn_faq,3,0.004,6237.0
ER-Reg,dense@0.35,0,chfgnn_faq,4,0.014,6321.0
ER-Reg,dense@0.35,0,chfgnn_faq,5,0.032,6335.0
ER-Reg,dense@0.35,0,chfgnn_faq,6,0.0,6349.0
ER-Reg,dense@0.35,0,chfgnn_faq,7,0.006,6240.0
ER-Reg,dense@0.35,0,chfgnn_faq,8,0.008,6229.0
ER-Reg,dense@0.35,0,chfgnn_faq,9,0.004,6242.0
ER-Reg,regular@0,0,proj_dcx,0,0.004,51.0
ER-Reg,regular@0,0,proj_dcx,1,0.0,56.0
ER-Reg,regular@0,0,proj_dcx,2,0.004,69.0
ER-Reg,regular@0,0,proj_dcx,3,0.002,49.0
ER-Reg,regular@0,0,proj_dcx,4,0.004,35.0
ER-Reg,regular@0,0,proj_dcx,5,0.002,40.0
ER-Reg,regular@0,0,proj_dcx,6,0.002,63.0
ER-Reg,regular@0,0,proj_dcx,7,0.0,40.0
ER-Reg,regular@0,0,proj_dcx,8,0.006,47.0
ER-Reg,regular@0,0,proj_dcx,9,0.008,50.0
ER-Reg,regular@0,0,proj_dcx,10,0.0,59.0
ER-Reg,regular@0,0,proj_dcx,11,0.006,64.0
ER-Reg,regular@0,0,proj_dcx,12,0.0,43.0
ER-Reg,regular@0,0,proj_dcx,13,0.0,45.0
ER-Reg,regular@0,0,proj_dcx,14,0.004,50.0
ER-Reg,regular@0,0,proj_dcx,15,0.002,44.0
ER-Reg,regular@0,0,proj_dcx,16,0.0,54.0
ER-Reg,regular@0,0,proj_dcx,17,0.0,57.0
ER-Reg,regular@0,0,proj_dcx,18,0.002,47.0
ER-Reg,regular@0,0,proj_dcx,19,0.0,45.0
ER-Reg,regular@0,0,proj_dcx,20,0.004,47.0
ER-Reg,regular@0,0,proj_dcx,21,0.006,58.0
ER-Reg,regular@0,0,proj_dcx,22,0.002,49.0
ER-Reg,regular@0,0,proj_dcx,23,0.002,54.0
ER-Reg,regular@0,0,proj_dcx,24,0.0,64.0
ER-Reg,regular@0,0,proj_dcx,25,0.0,55.0
ER-Reg,regular@0,0,proj_dcx,26,0.0,38.0
ER-Reg,regular@0,0,proj_dcx,27,0.004,50.0
ER-Reg,regular@0,0,proj_dcx,28,0.002,57.0
ER-Reg,regular@0,0,proj_dcx,29,0.002,58.0
ER-Reg,regular@0,0,faq_dcx,0,0.0,825.0
ER-Reg,regular@0,0,faq_dcx,1,0.002,831.0
ER-Reg,regular@0,0,faq_dcx,2,0.002,41.0
ER-Reg,regular@0,0,faq_dcx,3,0.006,824.0
ER-Reg,regular@0,0,faq_dcx,4,0.006,839.0
ER-Reg,regular@0,0,faq_dcx,5,0.0,828.0
ER-Reg,regular@0,0,faq_dcx,6,0.0,823.0
ER-Reg,regular@0,0,faq_dcx,7,0.002,841.0
ER-Reg,regular@0,0,faq_dcx,8,0.0,833.0
ER-Reg,regular@0,0,faq_dcx,9,0.006,39.0
ER-Reg,regular@0,0,faq_dcx,10,0.004,828.0
ER-Reg,regular@0,0,faq_dcx,11,0.0,829.0
ER-Reg,regular@0,0,faq_dcx,12,0.0,847.0
ER-Reg,regular@0,0,faq_dcx,13,0.0,46.0
ER-Reg,regular@0,0,faq_dcx,14,0.0,831.0
ER-Reg,regular@0,0,faq_dcx,15,0.0,836.0
ER-Reg,regular@0,0,faq_dcx,16,0.002,49.0
ER-Reg,regular@0,0,faq_dcx,17,0.0,854.0
ER-Reg,regular@0,0,faq_dcx,18,0.0,36.0
ER-Reg,regular@0,0,faq_dcx,19,0.0,831.0
ER-Reg,regular@0,0,faq_dcx,20,0.006,825.0
ER-Reg,regular@0,0,faq_dcx,21,0.0,826.0
ER-Reg,regular@0,0,faq_dcx,22,0.006,49.0
ER-Reg,regular@0,0,faq_dcx,23,0.0,847.0
ER-Reg,regular@0,0,faq_dcx,24,0.0,43.0
ER-Reg,regular@0,0,faq_dcx,25,0.004,829.0
ER-Reg,regular@0,0,faq_dcx,26,0.002,47.0
ER-Reg,regular@0,0,faq_dcx,27,0.0,829.0
ER-Reg,regular@0,0,faq_dcx,28,0.002,842.0
ER-Reg,regular@0,0,faq_dcx,29,0.0,834.0
ER-Reg,regular@0,0,fgnn_proj,0,1.0,2500.0
ER-Reg,regular@0,0,fgnn_proj,1,1.0,2500.0
ER-Reg,regular@0,0,fgnn_proj,2,1.0,2500.0
ER-Reg,regular@0,0,fgnn_proj,3,1.0,2500.0
ER-Reg,regular@0,0,fgnn_proj,4,1.0,2500.0
ER-Reg,regular@0,0,fgnn_proj,5,1.0,2500.0
ER-Reg,regular@0,0,fgnn_proj,6,1.0,2500.0
ER-Reg,regular@0,0,fgnn_proj,7,1.0,2500.0
ER-Reg,regular@0,0,fgnn_proj,8,1.0,2500.0
ER-Reg,regular@0,0,fgnn_proj,9,1.0,2500.0
ER-Reg,regular@0,0,fgnn_proj,10,1.0,2500.0
ER-Reg,regular@0,0,fgnn_proj,11,1.0,2500.0
ER-Reg,regular@0,0,fgnn_proj,12,1.0,2500.0
ER-Reg,regular@0,0,fgnn_proj,13,1.0,2500.0
ER-Reg,regular@0,0,fgnn_proj,14,1.0,2500.0
ER-Reg,regular@0,0,fgnn_proj,15,1.0,2500.0
ER-Reg,regular@0,0,fgnn_proj,16,1.0,2500.0
ER-Reg,regular@0,0,fgnn_proj,17,1.0,2500.0
ER-Reg,regular@0,0,fgnn_proj,18,1.0,2500.0
ER-Reg,regular@0,0,fgnn_proj,19,1.0,2500.0
ER-Reg,regular@0,0,fgnn_proj,20,1.0,2500.0
ER-Reg,regular@0,0,fgnn_proj,21,1.0,2500.0
ER-Reg,regular@0,0,fgnn_proj,22,1.0,2500.0
ER-Reg,regular@0,0,fgnn_proj,23,1.0,2500.0
ER-Reg,regular@0,0,fgnn_proj,24,1.0,2500.0
ER-Reg,regular@0,0,fgnn_proj,25,1.0,2500.0
ER-Reg,regular@0,0,fgnn_proj,26,1.0,2500.0
ER-Reg,regular@0,0,fgnn_proj,27,1.0,2500.0
ER-Reg,regular@0,0,fgnn_proj,28,1.0,2500.0
ER-Reg,regular@0,0,fgnn_proj,29,1.0,2500.0
ER-Reg,regular@0,0,fgnn_faq,0,1.0,2500.0
ER-Reg,regular@0,0,fgnn_faq,1,1.0,2500.0
ER-Reg,regular@0,0,fgnn_faq,2,1.0,2500.0
ER-Reg,regular@0,0,fgnn_faq,3,1.0,2500.0
ER-Reg,regular@0,0,fgnn_faq,4,1.0,2500.0
ER-Reg,regular@0,0,fgnn_faq,5,1.0,2500.0
ER-Reg,regular@0,0,fgnn_faq,6,1.0,2500.0
ER-Reg,regular@0,0,fgnn_faq,7,1.0,2500.0
ER-Reg,regular@0,0,fgnn_faq,8,1.0,2500.0
ER-Reg,regular@0,0,fgnn_faq,9,1.0,2500.0
ER-Reg,regular@0,0,fgnn_faq,10,1.0,2500.0
ER-Reg,regular@0,0,fgnn_faq,11,1.0,2500.0
ER-Reg,regular@0,0,fgnn_faq,12,1.0,2500.0
ER-Reg,regular@0,0,fgnn_faq,13,1.0,2500.0
ER-Reg,regular@0,0,fgnn_faq,14,1.0,2500.0
ER-Reg,regular@0,0,fgnn_faq,15,1.0,2500.0
ER-Reg,regular@0,0,fgnn_faq,16,1.0,2500.0
ER-Reg,regular@0,0,fgnn_faq,17,1.0,2500.0
ER-Reg,regular@0,0,fgnn_faq,18,1.0,2500.0
ER-Reg,regular@0,0,fgnn_faq,19,1.0,2500.0
ER-Reg,regular@0,0,fgnn_faq,20,1.0,2500.0
ER-Reg,regular@0,0,fgnn_faq,21,1.0,2500.0
ER-Reg,regular@0,0,fgnn_faq,22,1.0,2500.0
ER-Reg,regular@0,0,fgnn_faq,23,1.0,2500.0
ER-Reg,regular@0,0,fgnn_faq,24,1.0,2500.0
ER-Reg,regular@0,0,fgnn_faq,25,1.0,2500.0
ER-Reg,regular@0,0,fgnn_faq,26,1.0,2500.0
ER-Reg,regular@0,0,fgnn_faq,27,1.0,2500.0
ER-Reg,regular@0,0,fgnn_faq,28,1.0,2500.0
ER-Reg,regular@0,0,fgnn_faq,29,1.0,2500.0
ER-Reg,regular@0,0,chfgnn_proj,0,1.0,2500.0
ER-Reg,regular@0,0,chfgnn_proj,1,1.0,2500.0
ER-Reg,regular@0,0,chfgnn_proj,2,1.0,2500.0
ER-Reg,regular@0,0,chfgnn_proj,3,1.0,2500.0
ER-Reg,regular@0,0,chfgnn_proj,4,1.0,2500.0
ER-Reg,regular@0,0,chfgnn_proj,5,1.0,2500.0
ER-Reg,regular@0,0,chfgnn_proj,6,1.0,2500.0
ER-Reg,regular@0,0,chfgnn_proj,7,1.0,2500.0
ER-Reg,regular@0,0,chfgnn_proj,8,1.0,2500.0
ER-Reg,regular@0,0,chfgnn_proj,9,1.0,2500.0
ER-Reg,regular@0,0,chfgnn_proj,10,1.0,2500.0
ER-Reg,regular@0,0,chfgnn_proj,11,1.0,2500.0
ER-Reg,regular@0,0,chfgnn_proj,12,1.0,2500.0
ER-Reg,regular@0,0,chfgnn_proj,13,1.0,2500.0
ER-Reg,regular@0,0,chfgnn_proj,14,1.0,2500.0
ER-Reg,regular@0,0,chfgnn_proj,15,1.0,2500.0
ER-Reg,regular@0,0,chfgnn_proj,16,1.0,2500.0
ER-Reg,regular@0,0,chfgnn_proj,17,1.0,2500.0
ER-Reg,regular@0,0,chfgnn_proj,18,1.0,2500.0
ER-Reg,regular@0,0,chfgnn_proj,19,1.0,2500.0
ER-Reg,regular@0,0,chfgnn_proj,20,1.0,2500.0
ER-Reg,regular@0,0,chfgnn_proj,21,1.0,2500.0
ER-Reg,regular@0,0,chfgnn_proj,22,1.0,2500.0
ER-Reg,regular@0,0,chfgnn_proj,23,1.0,2500.0
ER-Reg,regular@0,0,chfgnn_proj,24,1.0,2500.0
ER-Reg,regular@0,0,chfgnn_proj,25,1.0,2500.0
ER-Reg,regular@0,0,chfgnn_proj,26,1.0,2500.0
ER-Reg,regular@0,0,chfgnn_proj,27,1.0,2500.0
ER-Reg,regular@0,0,chfgnn_proj,28,1.0,2500.0
ER-Reg,regular@0,0,chfgnn_proj,29,1.0,2500.0
ER-Reg,regular@0,0,chfgnn_faq,0,1.0,2500.0
ER-Reg,regular@0,0,chfgnn_faq,1,1.0,2500.0
ER-Reg,regular@0,0,chfgnn_faq,2,1.0,2500.0
ER-Reg,regular@0,0,chfgnn_faq,3,1.0,2500.0
ER-Reg,regular@0,0,chfgnn_faq,4,1.0,2500.0
ER-Reg,regular@0,0,chfgnn_faq,5,1.0,2500.0
ER-Reg,regular@0,0,chfgnn_faq,6,1.0,2500.0
ER-Reg,regular@0,0,chfgnn_faq,7,1.0,2500.0
ER-Reg,regular@0,0,chfgnn_faq,8,1.0,2500.0
ER-Reg,regular@0,0,chfgnn_faq,9,1.0,2500.0
ER-Reg,regular@0,0,chfgnn_faq,10,1.0,2500.0
ER-Reg,regular@0,0,chfgnn_faq,11,1.0,2500.0
ER-Reg,regular@0,0,chfgnn_faq,12,1.0,2500.0
ER-Reg,regular@0,0,chfgnn_faq,13,1.0,2500.0
ER-Reg,regular@0,0,chfgnn_faq,14,1.0,2500.0
ER-Reg,regular@0,0,chfgnn_faq,15,1.0,2500.0
ER-Reg,regular@0,0,chfgnn_faq,16,1.0,2500.0
ER-Reg,regular@0,0,chfgnn_faq,17,1.0,2500.0
ER-Reg,regular@0,0,chfgnn_faq,18,1.0,2500.0
ER-Reg,regular@0,0,chfgnn_faq,19,1.0,2500.0
ER-Reg,regular@0,0,chfgnn_faq,20,1.0,2500.0
ER-Reg,regular@0,0,chfgnn_faq,21,1.0,2500.0
ER-Reg,regular@0,0,chfgnn_faq,22,1.0,2500.0
ER-Reg,regular@0,0,chfgnn_faq,23,1.0,2500.0
ER-Reg,regular@0,0,chfgnn_faq,24,1.0,2500.0
ER-Reg,regular@0,0,chfgnn_faq,25,1.0,2500.0
ER-Reg,regular@0,0,chfgnn_faq,26,1.0,2500.0
ER-Reg,regular@0,0,chfgnn_faq,27,1.0,2500.0
ER-Reg,regular@0,0,chfgnn_faq,28,1.0,2500.0
ER-Reg,regular@0,0,chfgnn_faq,29,1.0,2500.0
ER-Reg,regular@0.05,0,proj_dcx,0,0.004,50.0
ER-Reg,regular@0.05,0,proj_dcx,1,0.0,53.0
ER-Reg,regular@0.05,0,proj_dcx,2,0.004,64.0
ER-Reg,regular@0.05,0,proj_dcx,3,0.002,52.0
ER-Reg,regular@0.05,0,proj_dcx,4,0.004,49.0
ER-Reg,regular@0.05,0,proj_dcx,5,0.002,38.0
ER-Reg,regular@0.05,0,proj_dcx,6,0.002,63.0
ER-Reg,regular@0.05,0,proj_dcx,7,0.0,42.0
ER-Reg,regular@0.05,0,proj_dcx,8,0.006,45.0
ER-Reg,regular@0.05,0,proj_dcx,9,0.008,47.0
ER-Reg,regular@0.05,0,proj_dcx,10,0.0,59.0
ER-Reg,regular@0.05,0,proj_dcx,11,0.006,67.0
ER-Reg,regular@0.05,0,proj_dcx,12,0.0,43.0
ER-Reg,regular@0.05,0,proj_dcx,13,0.0,47.0
ER-Reg,regular@0.05,0,proj_dcx,14,0.004,46.0
ER-Reg,regular@0.05,0,proj_dcx,15,0.002,42.0
ER-Reg,regular@0.05,0,proj_dcx,16,0.0,60.0
ER-Reg,regular@0.05,0,proj_dcx,17,0.0,53.0
ER-Reg,regular@0.05,0,proj_dcx,18,0.002,48.0
ER-Reg,regular@0.05,0,proj_dcx,19,0.0,46.0
ER-Reg,regular@0.05,0,proj_dcx,20,0.004,48.0
ER-Reg,regular@0.05,0,proj_dcx,21,0.006,59.0
ER-Reg,regular@0.05,0,proj_dcx,22,0.002,47.0
ER-Reg,regular@0.05,0,proj_dcx,23,0.002,50.0
ER-Reg,regular@0.05,0,proj_dcx,24,0.0,55.0
ER-Reg,regular@0.05,0,proj_dcx,25,0.0,57.0
ER-Reg,regular@0.05,0,proj_dcx,26,0.0,30.0
ER-Reg,regular@0.05,0,proj_dcx,27,0.004,54.0
ER-Reg,regular@0.05,0,proj_dcx,28,0.002,59.0
ER-Reg,regular@0.05,0,proj_dcx,29,0.002,58.0
ER-Reg,regular@0.05,0,faq_dcx,0,0.0,825.0
ER-Reg,regular@0.05,0,faq_dcx,1,0.0,832.0
ER-Reg,regular@0.05,0,faq_dcx,2,0.0,46.0
ER-Reg,regular@0.05,0,faq_dcx,3,0.006,831.0
ER-Reg,regular@0.05,0,faq_dcx,4,0.006,827.0
ER-Reg,regular@0.05,0,faq_dcx,5,0.002,48.0
ER-Reg,regular@0.05,0,faq_dcx,6,0.004,837.0
ER-Reg,regular@0.05,0,faq_dcx,7,0.004,832.0
ER-Reg,regular@0.05,0,faq_dcx,8,0.0,826.0
ER-Reg,regular@0.05,0,faq_dcx,9,0.002,824.0
ER-Reg,regular@0.05,0,faq_dcx,10,0.0,839.0
ER-Reg,regular@0.05,0,faq_dcx,11,0.002,45.0
ER-Reg,regular@0.05,0,faq_dcx,12,0.0,49.0
ER-Reg,regular@0.05,0,faq_dcx,13,0.0,49.0
ER-Reg,regular@0.05,0,faq_dcx,14,0.0,47.0
ER-Reg,regular@0.05,0,faq_dcx,15,0.002,832.0
ER-Reg,regular@0.05,0,faq_dcx,16,0.004,46.0
ER-Reg,regular@0.05,0,faq_dcx,17,0.002,43.0
ER-Reg,regular@0.05,0,faq_dcx,18,0.002,45.0
ER-Reg,regular@0.05,0,faq_dcx,19,0.0,846.0
ER-Reg,regular@0.05,0,faq_dcx,20,0.002,814.0
ER-Reg,regular@0.05,0,faq_dcx,21,0.0,45.0
ER-Reg,regular@0.05,0,faq_dcx,22,0.002,841.0
ER-Reg,regular@0.05,0,faq_dcx,23,0.008,825.0
ER-Reg,regular@0.05,0,faq_dcx,24,0.004,44.0
ER-Reg,regular@0.05,0,faq_dcx,25,0.002,831.0
ER-Reg,regular@0.05,0,faq_dcx,26,0.0,45.0
ER-Reg,regular@0.05,0,faq_dcx,27,0.0,834.0
ER-Reg,regular@0.05,0,faq_dcx,28,0.002,844.0
ER-Reg,regular@0.05,0,faq_dcx,29,0.006,47.0
ER-Reg,regular@0.05,0,fgnn_proj,0,0.458,607.0
ER-Reg,regular@0.05,0,fgnn_proj,1,0.424,493.0
ER-Reg,regular@0.05,0,fgnn_proj,2,0.44,553.0
ER-Reg,regular@0.05,0,fgnn_proj,3,0.364,361.0
ER-Reg,regular@0.05,0,fgnn_proj,4,0.29,288.0
ER-Reg,regular@0.05,0,fgnn_proj,5,0.47,626.0
ER-Reg,regular@0.05,0,fgnn_proj,6,0.462,595.0
ER-Reg,regular@0.05,0,fgnn_proj,7,0.468,581.0
ER-Reg,regular@0.05,0,fgnn_proj,8,0.396,459.0
ER-Reg,regular@0.05,0,fgnn_proj,9,0.414,492.0
ER-Reg,regular@0.05,0,fgnn_proj,10,0.44,520.0
ER-Reg,regular@0.05,0,fgnn_proj,11,0.364,413.0
ER-Reg,regular@0.05,0,fgnn_proj,12,0.424,520.0
ER-Reg,regular@0.05,0,fgnn_proj,13,0.344,376.0
ER-Reg,regular@0.05,0,fgnn_proj,14,0.346,385.0
ER-Reg,regular@0.05,0,fgnn_proj,15,0.334,343.0
ER-Reg,regular@0.05,0,fgnn_proj,16,0.464,624.0
ER-Reg,regular@0.05,0,fgnn_proj,17,0.386,448.0
ER-Reg,regular@0.05,0,fgnn_proj,18,0.364,404.0
ER-Reg,regular@0.05,0,fgnn_proj,19,0.422,523.0
ER-Reg,regular@0.05,0,fgnn_proj,20,0.364,388.0
ER-Reg,regular@0.05,0,fgnn_proj,21,0.42,477.0
ER-Reg,regular@0.05,0,fgnn_proj,22,0.474,628.0
ER-Reg,regular@0.05,0,fgnn_proj,23,0.43,541.0
ER-Reg,regular@0.05,0,fgnn_proj,24,0.356,418.0
ER-Reg,regular@0.05,0,fgnn_proj,25,0.306,316.0
ER-Reg,regular@0.05,0,fgnn_proj,26,0.382,439.0
ER-Reg,regular@0.05,0,fgnn_proj,27,0.372,407.0
ER-Reg,regular@0.05,0,fgnn_proj,28,0.316,296.0
ER-Reg,regular@0.05,0,fgnn_proj,29,0.38,418.0
ER-Reg,regular@0.05,0,fgnn_faq,0,0.958,2086.0
ER-Reg,regular@0.05,0,fgnn_faq,1,0.96,2054.0
ER-Reg,regular@0.05,0,fgnn_faq,2,0.954,2085.0
ER-Reg,regular@0.05,0,fgnn_faq,3,0.948,2008.0
ER-Reg,regular@0.05,0,fgnn_faq,4,0.948,1984.0
ER-Reg,regular@0.05,0,fgnn_faq,5,0.964,2105.0
ER-Reg,regular@0.05,0,fgnn_faq,6,0.958,2087.0
ER-Reg,regular@0.05,0,fgnn_faq,7,0.958,2061.0
ER-Reg,regular@0.05,0,fgnn_faq,8,0.96,2053.0
ER-Reg,regular@0.05,0,fgnn_faq,9,0.958,2071.0
ER-Reg,regular@0.05,0,fgnn_faq,10,0.958,2080.0
ER-Reg,regular@0.05,0,fgnn_faq,11,0.956,2044.0
ER-Reg,regular@0.05,0,fgnn_faq,12,0.956,2067.0
ER-Reg,regular@0.05,0,fgnn_faq,13,0.95,2031.0
ER-Reg,regular@0.05,0,fgnn_faq,14,0.962,2036.0
ER-Reg,regular@0.05,0,fgnn_faq,15,0.95,2025.0
ER-Reg,regular@0.05,0,fgnn_faq,16,0.956,2105.0
ER-Reg,regular@0.05,0,fgnn_faq,17,0.956,2070.0
ER-Reg,regular@0.05,0,fgnn_faq,18,0.952,2041.0
ER-Reg,regular@0.05,0,fgnn_faq,19,0.962,2084.0
ER-Reg,regular@0.05,0,fgnn_faq,20,0.954,2063.0
ER-Reg,regular@0.05,0,fgnn_faq,21,0.96,2080.0
ER-Reg,regular@0.05,0,fgnn_faq,22,0.96,2104.0
ER-Reg,regular@0.05,0,fgnn_faq,23,0.946,2010.0
ER-Reg,regular@0.05,0,fgnn_faq,24,0.952,2041.0
ER-Reg,regular@0.05,0,fgnn_faq,25,0.954,2032.0
ER-Reg,regular@0.05,0,fgnn_faq,26,0.956,2052.0
ER-Reg,regular@0.05,0,fgnn_faq,27,0.944,1969.0
ER-Reg,regular@0.05,0,fgnn_faq,28,0.95,2026.0
ER-Reg,regular@0.05,0,fgnn_faq,29,0.95,2011.0
ER-Reg,regular@0.05,0,chfgnn_proj,0,0.74,1400.0
ER-Reg,regular@0.05,0,chfgnn_proj,1,0.746,1384.0
ER-Reg,regular@0.05,0,chfgnn_proj,2,0.776,1493.0
ER-Reg,regular@0.05,0,chfgnn_proj,3,0.656,1168.0
ER-Reg,regular@0.05,0,chfgnn_proj,4,0.666,1194.0
ER-Reg,regular@0.05,0,chfgnn_proj,5,0.748,1407.0
ER-Reg,regular@0.05,0,chfgnn_proj,6,0.774,1478.0
ER-Reg,regular@0.05,0,chfgnn_proj,7,0.72,1345.0
ER-Reg,regular@0.05,0,chfgnn_proj,8,0.736,1368.0
ER-Reg,regular@0.05,0,chfgnn_proj,9,0.728,1374.0
ER-Reg,regular@0.05,0,chfgnn_proj,10,0.754,1417.0
ER-Reg,regular@0.05,0,chfgnn_proj,11,0.698,1261.0
ER-Reg,regular@0.05,0,chfgnn_proj,12,0.744,1415.0
ER-Reg,regular@0.05,0,chfgnn_proj,13,0.696,1254.0
ER-Reg,regular@0.05,0,chfgnn_proj,14,0.726,1352.0
ER-Reg,regular@0.05,0,chfgnn_proj,15,0.666,1174.0
ER-Reg,regular@0.05,0,chfgnn_proj,16,0.762,1494.0
ER-Reg,regular@0.05,0,chfgnn_proj,17,0.726,1337.0
ER-Reg,regular@0.05,0,chfgnn_proj,18,0.654,1157.0
ER-Reg,regular@0.05,0,chfgnn_proj,19,0.724,1346.0
ER-Reg,regular@0.05,0,chfgnn_proj,20,0.724,1329.0
ER-Reg,regular@0.05,0,chfgnn_proj,21,0.756,1416.0
ER-Reg,regular@0.05,0,chfgnn_proj,22,0.792,1543.0
ER-Reg,regular@0.05,0,chfgnn_proj,23,0.744,1364.0
ER-Reg,regular@0.05,0,chfgnn_proj,24,0.666,1155.0
ER-Reg,regular@0.05,0,chfgnn_proj,25,0.666,1213.0
ER-Reg,regular@0.05,0,chfgnn_proj,26,0.72,1350.0
ER-Reg,regular@0.05,0,chfgnn_proj,27,0.674,1166.0
ER-Reg,regular@0.05,0,chfgnn_proj,28,0.69,1234.0
ER-Reg,regular@0.05,0,chfgnn_proj,29,0.7,1285.0
ER-Reg,regular@0.05,0,chfgnn_faq,0,0.958,2086.0
ER-Reg,regular@0.05,0,chfgnn_faq,1,0.96,2054.0
ER-Reg,regular@0.05,0,chfgnn_faq,2,0.954,2085.0
ER-Reg,regular@0.05,0,chfgnn_faq,3,0.95,2008.0
ER-Reg,regular@0.05,0,chfgnn_faq,4,0.946,1986.0
ER-Reg,regular@0.05,0,chfgnn_faq,5,0.964,2105.0
ER-Reg,regular@0.05,0,chfgnn_faq,6,0.958,2087.0
ER-Reg,regular@0.05,0,chfgnn_faq,7,0.956,2061.0
ER-Reg,regular@0.05,0,chfgnn_faq,8,0.96,2053.0
ER-Reg,regular@0.05,0,chfgnn_faq,9,0.958,2071.0
ER-Reg,regular@0.05,0,chfgnn_faq,10,0.958,2080.0
ER-Reg,regular@0.05,0,chfgnn_faq,11,0.956,2044.0
ER-Reg,regular@0.05,0,chfgnn_faq,12,0.956,2067.0
ER-Reg,regular@0.05,0,chfgnn_faq,13,0.95,2031.0
ER-Reg,regular@0.05,0,chfgnn_faq,14,0.962,2036.0
ER-Reg,regular@0.05,0,chfgnn_faq,15,0.952,2026.0
ER-Reg,regular@0.05,0,chfgnn_faq,16,0.956,2105.0
ER-Reg,regular@0.05,0,chfgnn_faq,17,0.956,2070.0
ER-Reg,regular@0.05,0,chfgnn_faq,18,0.954,2040.0
ER-Reg,regular@0.05,0,chfgnn_faq,19,0.962,2084.0
ER-Reg,regular@0.05,0,chfgnn_faq,20,0.954,2062.0
ER-Reg,regular@0.05,0,chfgnn_faq,21,0.96,2080.0
ER-Reg,regular@0.05,0,chfgnn_faq,22,0.96,2104.0
ER-Reg,regular@0.05,0,chfgnn_faq,23,0.946,2010.0
ER-Reg,regular@0.05,0,chfgnn_faq,24,0.952,2040.0
ER-Reg,regular@0.05,0,chfgnn_faq,25,0.952,2033.0
ER-Reg,regular@0.05,0,chfgnn_faq,26,0.956,2052.0
ER-Reg,regular@0.05,0,chfgnn_faq,27,0.944,1969.0
ER-Reg,regular@0.05,0,chfgnn_faq,28,0.954,2026.0
ER-Reg,regular@0.05,0,chfgnn_faq,29,0.948,2010.0
ER-Reg,regular@0.1,0,proj_dcx,0,0.004,58.0
ER-Reg,regular@0.1,0,proj_dcx,1,0.0,59.0
ER-Reg,regular@0.1,0,proj_dcx,2,0.004,59.0
ER-Reg,regular@0.1,0,proj_dcx,3,0.002,44.0
ER-Reg,regular@0.1,0,proj_dcx,4,0.004,43.0
ER-Reg,regular@0.1,0,proj_dcx,5,0.002,47.0
ER-Reg,regular@0.1,0,proj_dcx,6,0.002,58.0
ER-Reg,regular@0.1,0,proj_dcx,7,0.0,44.0
ER-Reg,regular@0.1,0,proj_dcx,8,0.006,40.0
ER-Reg,regular@0.1,0,proj_dcx,9,0.008,36.0
ER-Reg,regular@0.1,0,proj_dcx,10,0.0,51.0
ER-Reg,regular@0.1,0,proj_dcx,11,0.006,67.0
ER-Reg,regular@0.1,0,proj_dcx,12,0.0,41.0
ER-Reg,regular@0.1,0,proj_dcx,13,0.0,55.0
ER-Reg,regular@0.1,0,proj_dcx,14,0.004,55.0
ER-Reg,regular@0.1,0,proj_dcx,15,0.002,41.0
ER-Reg,regular@0.1,0,proj_dcx,16,0.0,51.0
ER-Reg,regular@0.1,0,proj_dcx,17,0.0,49.0
ER-Reg,regular@0.1,0,proj_dcx,18,0.002,51.0
ER-Reg,regular@0.1,0,proj_dcx,19,0.0,37.0
ER-Reg,regular@0.1,0,proj_dcx,20,0.004,50.0
ER-Reg,regular@0.1,0,proj_dcx,21,0.006,56.0
ER-Reg,regular@0.1,0,proj_dcx,22,0.002,58.0
ER-Reg,regular@0.1,0,proj_dcx,23,0.002,56.0
ER-Reg,regular@0.1,0,proj_dcx,24,0.0,53.0
ER-Reg,regular@0.1,0,proj_dcx,25,0.0,65.0
ER-Reg,regular@0.1,0,proj_dcx,26,0.0,41.0
ER-Reg,regular@0.1,0,proj_dcx,27,0.004,51.0
ER-Reg,regular@0.1,0,proj_dcx,28,0.002,55.0
ER-Reg,regular@0.1,0,proj_dcx,29,0.002,58.0
ER-Reg,regular@0.1,0,faq_dcx,0,0.006,839.0
ER-Reg,regular@0.1,0,faq_dcx,1,0.002,839.0
ER-Reg,regular@0.1,0,faq_dcx,2,0.0,44.0
ER-Reg,regular@0.1,0,faq_dcx,3,0.0,848.0
ER-Reg,regular@0.1,0,faq_dcx,4,0.004,42.0
ER-Reg,regular@0.1,0,faq_dcx,5,0.0,45.0
ER-Reg,regular@0.1,0,faq_dcx,6,0.0,835.0
ER-Reg,regular@0.1,0,faq_dcx,7,0.006,834.0
ER-Reg,regular@0.1,0,faq_dcx,8,0.0,49.0
ER-Reg,regular@0.1,0,faq_dcx,9,0.002,834.0
ER-Reg,regular@0.1,0,faq_dcx,10,0.006,41.0
ER-Reg,regular@0.1,0,faq_dcx,11,0.004,832.0
ER-Reg,regular@0.1,0,faq_dcx,12,0.002,822.0
ER-Reg,regular@0.1,0,faq_dcx,13,0.002,47.0
ER-Reg,regular@0.1,0,faq_dcx,14,0.004,49.0
ER-Reg,regular@0.1,0,faq_dcx,15,0.002,821.0
ER-Reg,regular@0.1,0,faq_dcx,16,0.002,834.0
ER-Reg,regular@0.1,0,faq_dcx,17,0.0,839.0
ER-Reg,regular@0.1,0,faq_dcx,18,0.004,826.0
ER-Reg,regular@0.1,0,faq_dcx,19,0.0,831.0
ER-Reg,regular@0.1,0,faq_dcx,20,0.002,840.0
ER-Reg,regular@0.1,0,faq_dcx,21,0.006,839.0
ER-Reg,regular@0.1,0,faq_dcx,22,0.002,829.0
ER-Reg,regular@0.1,0,faq_dcx,23,0.0,48.0
ER-Reg,regular@0.1,0,faq_dcx,24,0.0,835.0
ER-Reg,regular@0.1,0,faq_dcx,25,0.0,48.0
ER-Reg,regular@0.1,0,faq_dcx,26,0.004,825.0
ER-Reg,regular@0.1,0,faq_dcx,27,0.0,44.0
ER-Reg,regular@0.1,0,faq_dcx,28,0.004,835.0
ER-Reg,regular@0.1,0,faq_dcx,29,0.0,831.0
ER-Reg,regular@0.1,0,fgnn_proj,0,0.15,102.0
ER-Reg,regular@0.1,0,fgnn_proj,1,0.138,108.0
ER-Reg,regular@0.1,0,fgnn_proj,2,0.194,155.0
ER-Reg,regular@0.1,0,fgnn_proj,3,0.176,143.0
ER-Reg,regular@0.1,0,fgnn_proj,4,0.138,123.0
ER-Reg,regular@0.1,0,fgnn_proj,5,0.168,121.0
ER-Reg,regular@0.1,0,fgnn_proj,6,0.132,118.0
ER-Reg,regular@0.1,0,fgnn_proj,7,0.234,185.0
ER-Reg,regular@0.1,0,fgnn_proj,8,0.152,135.0
ER-Reg,regular@0.1,0,fgnn_proj,9,0.208,159.0
ER-Reg,regular@0.1,0,fgnn_proj,10,0.154,130.0
ER-Reg,regular@0.1,0,fgnn_proj,11,0.168,148.0
ER-Reg,regular@0.1,0,fgnn_proj,12,0.16,143.0
ER-Reg,regular@0.1,0,fgnn_proj,13,0.16,139.0
ER-Reg,regular@0.1,0,fgnn_proj,14,0.146,112.0
ER-Reg,regular@0.1,0,fgnn_proj,15,0.148,110.0
ER-Reg,regular@0.1,0,fgnn_proj,16,0.172,156.0
ER-Reg,regular@0.1,0,fgnn_proj,17,0.186,148.0
ER-Reg,regular@0.1,0,fgnn_proj,18,0.17,141.0
ER-Reg,regular@0.1,0,fgnn_proj,19,0.156,121.0
ER-Reg,regular@0.1,0,fgnn_proj,20,0.138,115.0
ER-Reg,regular@0.1,0,fgnn_proj,21,0.194,153.0
ER-Reg,regular@0.1,0,fgnn_proj,22,0.188,149.0
ER-Reg,regular@0.1,0,fgnn_proj,23,0.166,129.0
ER-Reg,regular@0.1,0,fgnn_proj,24,0.168,152.0
ER-Reg,regular@0.1,0,fgnn_proj,25,0.13,121.0
ER-Reg,regular@0.1,0,fgnn_proj,26,0.144,126.0
ER-Reg,regular@0.1,0,fgnn_proj,27,0.15,131.0
ER-Reg,regular@0.1,0,fgnn_proj,28,0.154,115.0
ER-Reg,regular@0.1,0,fgnn_proj,29,0.148,107.0
ER-Reg,regular@0.1,0,fgnn_faq,0,0.896,1688.0
ER-Reg,regular@0.1,0,fgnn_faq,1,0.898,1702.0
ER-Reg,regular@0.1,0,fgnn_faq,2,0.906,1759.0
ER-Reg,regular@0.1,0,fgnn_faq,3,0.894,1679.0
ER-Reg,regular@0.1,0,fgnn_faq,4,0.892,1692.0
ER-Reg,regular@0.1,0,fgnn_faq,5,0.878,1622.0
ER-Reg,regular@0.1,0,fgnn_faq,6,0.892,1670.0
ER-Reg,regular@0.1,0,fgnn_faq,7,0.89,1742.0
ER-Reg,regular@0.1,0,fgnn_faq,8,0.892,1679.0
ER-Reg,regular@0.1,0,fgnn_faq,9,0.892,1707.0
ER-Reg,regular@0.1,0,fgnn_faq,10,0.896,1703.0
ER-Reg,regular@0.1,0,fgnn_faq,11,0.9,1718.0
ER-Reg,regular@0.1,0,fgnn_faq,12,0.89,1666.0
ER-Reg,regular@0.1,0,fgnn_faq,13,0.892,1685.0
ER-Reg,regular@0.1,0,fgnn_faq,14,0.896,1716.0
ER-Reg,regular@0.1,0,fgnn_faq,15,0.904,1744.0
ER-Reg,regular@0.1,0,fgnn_faq,16,0.88,1660.0
ER-Reg,regular@0.1,0,fgnn_faq,17,0.898,1705.0
ER-Reg,regular@0.1,0,fgnn_faq,18,0.902,1712.0
ER-Reg,regular@0.1,0,fgnn_faq,19,0.89,1639.0
ER-Reg,regular@0.1,0,fgnn_faq,20,0.884,1651.0
ER-Reg,regular@0.1,0,fgnn_faq,21,0.88,1675.0
ER-Reg,regular@0.1,0,fgnn_faq,22,0.888,1666.0
ER-Reg,regular@0.1,0,fgnn_faq,23,0.89,1695.0
ER-Reg,regular@0.1,0,fgnn_faq,24,0.9,1730.0
ER-Reg,regular@0.1,0,fgnn_faq,25,0.892,1686.0
ER-Reg,regular@0.1,0,fgnn_faq,26,0.896,1717.0
ER-Reg,regular@0.1,0,fgnn_faq,27,0.894,1711.0
ER-Reg,regular@0.1,0,fgnn_faq,28,0.892,1685.0
ER-Reg,regular@0.1,0,fgnn_faq,29,0.888,1678.0
ER-Reg,regular@0.1,0,chfgnn_proj,0,0.014,288.0
ER-Reg,regular@0.1,0,chfgnn_proj,1,0.002,302.0
ER-Reg,regular@0.1,0,chfgnn_proj,2,0.492,782.0
ER-Reg,regular@0.1,0,chfgnn_proj,3,0.07,316.0
ER-Reg,regular@0.1,0,chfgnn_proj,4,0.01,292.0
ER-Reg,regular@0.1,0,chfgnn_proj,5,0.036,301.0
ER-Reg,regular@0.1,0,chfgnn_proj,6,0.416,649.0
ER-Reg,regular@0.1,0,chfgnn_proj,7,0.478,756.0
ER-Reg,regular@0.1,0,chfgnn_proj,8,0.402,603.0
ER-Reg,regular@0.1,0,chfgnn_proj,9,0.416,640.0
ER-Reg,regular@0.1,0,chfgnn_proj,10,0.47,726.0
ER-Reg,regular@0.1,0,chfgnn_proj,11,0.086,325.0
ER-Reg,regular@0.1,0,chfgnn_proj,12,0.404,610.0
ER-Reg,regular@0.1,0,chfgnn_proj,13,0.426,661.0
ER-Reg,regular@0.1,0,chfgnn_proj,14,0.004,279.0
ER-Reg,regular@0.1,0,chfgnn_proj,15,0.026,313.0
ER-Reg,regular@0.1,0,chfgnn_proj,16,0.006,287.0
ER-Reg,regular@0.1,0,chfgnn_proj,17,0.472,727.0
ER-Reg,regular@0.1,0,chfgnn_proj,18,0.406,635.0
ER-Reg,regular@0.1,0,chfgnn_proj,19,0.422,635.0
ER-Reg,regular@0.1,0,chfgnn_proj,20,0.004,294.0
ER-Reg,regular@0.1,0,chfgnn_proj,21,0.432,634.0
ER-Reg,regular@0.1,0,chfgnn_proj,22,0.096,322.0
ER-Reg,regular@0.1,0,chfgnn_proj,23,0.448,680.0
ER-Reg,regular@0.1,0,chfgnn_proj,24,0.458,714.0
ER-Reg,regular@0.1,0,chfgnn_proj,25,0.408,620.0
ER-Reg,regular@0.1,0,chfgnn_proj,26,0.386,600.0
ER-Reg,regular@0.1,0,chfgnn_proj,27,0.004,293.0
ER-Reg,regular@0.1,0,chfgnn_proj,28,0.406,594.0
ER-Reg,regular@0.1,0,chfgnn_proj,29,0.438,649.0
ER-Reg,regular@0.1,0,chfgnn_faq,0,0.002,856.0
ER-Reg,regular@0.1,0,chfgnn_faq,1,0.0,877.0
ER-Reg,regular@0.1,0,chfgnn_faq,2,0.902,1760.0
ER-Reg,regular@0.1,0,chfgnn_faq,3,0.094,875.0
ER-Reg,regular@0.1,0,chfgnn_faq,4,0.006,874.0
ER-Reg,regular@0.1,0,chfgnn_faq,5,0.044,857.0
ER-Reg,regular@0.1,0,chfgnn_faq,6,0.89,1670.0
ER-Reg,regular@0.1,0,chfgnn_faq,7,0.89,1743.0
ER-Reg,regular@0.1,0,chfgnn_faq,8,0.89,1680.0
ER-Reg,regular@0.1,0,chfgnn_faq,9,0.892,1709.0
ER-Reg,regular@0.1,0,chfgnn_faq,10,0.894,1706.0
ER-Reg,regular@0.1,0,chfgnn_faq,11,0.9,1718.0
ER-Reg,regular@0.1,0,chfgnn_faq,12,0.89,1666.0
ER-Reg,regular@0.1,0,chfgnn_faq,13,0.89,1683.0
ER-Reg,regular@0.1,0,chfgnn_faq,14,0.002,871.0
ER-Reg,regular@0.1,0,chfgnn_faq,15,0.012,862.0
ER-Reg,regular@0.1,0,chfgnn_faq,16,0.0,863.0
ER-Reg,regular@0.1,0,chfgnn_faq,17,0.894,1707.0
ER-Reg,regular@0.1,0,chfgnn_faq,18,0.902,1712.0
ER-Reg,regular@0.1,0,chfgnn_faq,19,0.892,1640.0
ER-Reg,regular@0.1,0,chfgnn_faq,20,0.0,854.0
ER-Reg,regular@0.1,0,chfgnn_faq,21,0.88,1675.0
ER-Reg,regular@0.1,0,chfgnn_faq,22,0.85,1555.0
ER-Reg,regular@0.1,0,chfgnn_faq,23,0.892,1695.0
ER-Reg,regular@0.1,0,chfgnn_faq,24,0.9,1731.0
ER-Reg,regular@0.1,0,chfgnn_faq,25,0.89,1686.0
ER-Reg,regular@0.1,0,chfgnn_faq,26,0.894,1717.0
ER-Reg,regular@0.1,0,chfgnn_faq,27,0.002,869.0
ER-Reg,regular@0.1,0,chfgnn_faq,28,0.892,1685.0
ER-Reg,regular@0.1,0,chfgnn_faq,29,0.886,1678.0
ER-Reg,regular@0.15,0,proj_dcx,0,0.004,61.0
ER-Reg,regular@0.15,0,proj_dcx,1,0.0,53.0
ER-Reg,regular@0.15,0,proj_dcx,2,0.004,64.0
ER-Reg,regular@0.15,0,proj_dcx,3,0.002,45.0
ER-Reg,regular@0.15,0,proj_dcx,4,0.004,40.0
ER-Reg,regular@0.15,0,proj_dcx,5,0.002,50.0
ER-Reg,regular@0.15,0,proj_dcx,6,0.002,53.0
ER-Reg,regular@0.15,0,proj_dcx,7,0.0,38.0
ER-Reg,regular@0.15,0,proj_dcx,8,0.006,48.0
ER-Reg,regular@0.15,0,proj_dcx,9,0.008,36.0
ER-Reg,regular@0.15,0,proj_dcx,10,0.0,52.0
ER-Reg,regular@0.15,0,proj_dcx,11,0.006,53.0
ER-Reg,regular@0.15,0,proj_dcx,12,0.0,49.0
ER-Reg,regular@0.15,0,proj_dcx,13,0.0,50.0
ER-Reg,regular@0.15,0,proj_dcx,14,0.004,51.0
ER-Reg,regular@0.15,0,proj_dcx,15,0.002,44.0
ER-Reg,regular@0.15,0,proj_dcx,16,0.0,51.0
ER-Reg,regular@0.15,0,proj_dcx,17,0.0,49.0
ER-Reg,regular@0.15,0,proj_dcx,18,0.002,49.0
ER-Reg,regular@0.15,0,proj_dcx,19,0.0,55.0
ER-Reg,regular@0.15,0,proj_dcx,20,0.004,54.0
ER-Reg,regular@0.15,0,proj_dcx,21,0.006,50.0
ER-Reg,regular@0.15,0,proj_dcx,22,0.002,47.0
ER-Reg,regular@0.15,0,proj_dcx,23,0.002,51.0
ER-Reg,regular@0.15,0,proj_dcx,24,0.0,48.0
ER-Reg,regular@0.15,0,proj_dcx,25,0.0,52.0
ER-Reg,regular@0.15,0,proj_dcx,26,0.0,38.0
ER-Reg,regular@0.15,0,proj_dcx,27,0.004,50.0
ER-Reg,regular@0.15,0,proj_dcx,28,0.002,51.0
ER-Reg,regular@0.15,0,proj_dcx,29,0.002,59.0
ER-Reg,regular@0.15,0,faq_dcx,0,0.006,838.0
ER-Reg,regular@0.15,0,faq_dcx,1,0.002,827.0
ER-Reg,regular@0.15,0,faq_dcx,2,0.0,847.0
ER-Reg,regular@0.15,0,faq_dcx,3,0.0,833.0
ER-Reg,regular@0.15,0,faq_dcx,4,0.004,42.0
ER-Reg,regular@0.15,0,faq_dcx,5,0.0,827.0
ER-Reg,regular@0.15,0,faq_dcx,6,0.002,833.0
ER-Reg,regular@0.15,0,faq_dcx,7,0.0,832.0
ER-Reg,regular@0.15,0,faq_dcx,8,0.006,820.0
ER-Reg,regular@0.15,0,faq_dcx,9,0.002,831.0
ER-Reg,regular@0.15,0,faq_dcx,10,0.006,33.0
ER-Reg,regular@0.15,0,faq_dcx,11,0.002,822.0
ER-Reg,regular@0.15,0,faq_dcx,12,0.002,45.0
ER-Reg,regular@0.15,0,faq_dcx,13,0.0,842.0
ER-Reg,regular@0.15,0,faq_dcx,14,0.0,842.0
ER-Reg,regular@0.15,0,faq_dcx,15,0.002,826.0
ER-Reg,regular@0.15,0,faq_dcx,16,0.0,832.0
ER-Reg,regular@0.15,0,faq_dcx,17,0.0,829.0
ER-Reg,regular@0.15,0,faq_dcx,18,0.0,828.0
ER-Reg,regular@0.15,0,faq_dcx,19,0.0,47.0
ER-Reg,regular@0.15,0,faq_dcx,20,0.004,42.0
ER-Reg,regular@0.15,0,faq_dcx,21,0.004,837.0
ER-Reg,regular@0.15,0,faq_dcx,22,0.0,831.0
ER-Reg,regular@0.15,0,faq_dcx,23,0.008,825.0
ER-Reg,regular@0.15,0,faq_dcx,24,0.004,812.0
ER-Reg,regular@0.15,0,faq_dcx,25,0.0,45.0
ER-Reg,regular@0.15,0,faq_dcx,26,0.0,45.0
ER-Reg,regular@0.15,0,faq_dcx,27,0.002,836.0
ER-Reg,regular@0.15,0,faq_dcx,28,0.002,813.0
ER-Reg,regular@0.15,0,faq_dcx,29,0.002,821.0
ER-Reg,regular@0.15,0,fgnn_proj,0,0.074,97.0
ER-Reg,regular@0.15,0,fgnn_proj,1,0.102,80.0
ER-Reg,regular@0.15,0,fgnn_proj,2,0.08,81.0
ER-Reg,regular@0.15,0,fgnn_proj,3,0.09,87.0
ER-Reg,regular@0.15,0,fgnn_proj,4,0.078,80.0
ER-Reg,regular@0.15,0,fgnn_proj,5,0.08,82.0
ER-Reg,regular@0.15,0,fgnn_proj,6,0.076,75.0
ER-Reg,regular@0.15,0,fgnn_proj,7,0.058,66.0
ER-Reg,regular@0.15,0,fgnn_proj,8,0.102,76.0
ER-Reg,regular@0.15,0,fgnn_proj,9,0.096,99.0
ER-Reg,regular@0.15,0,fgnn_proj,10,0.092,88.0
ER-Reg,regular@0.15,0,fgnn_proj,11,0.084,79.0
ER-Reg,regular@0.15,0,fgnn_proj,12,0.084,85.0
ER-Reg,regular@0.15,0,fgnn_proj,13,0.096,83.0
ER-Reg,regular@0.15,0,fgnn_proj,14,0.106,86.0
ER-Reg,regular@0.15,0,fgnn_proj,15,0.08,95.0
ER-Reg,regular@0.15,0,fgnn_proj,16,0.09,84.0
ER-Reg,regular@0.15,0,fgnn_proj,17,0.106,82.0
ER-Reg,regular@0.15,0,fgnn_proj,18,0.078,72.0
ER-Reg,regular@0.15,0,fgnn_proj,19,0.08,72.0
ER-Reg,regular@0.15,0,fgnn_proj,20,0.078,75.0
ER-Reg,regular@0.15,0,fgnn_proj,21,0.09,99.0
ER-Reg,regular@0.15,0,fgnn_proj,22,0.094,86.0
ER-Reg,regular@0.15,0,fgnn_proj,23,0.096,86.0
ER-Reg,regular@0.15,0,fgnn_proj,24,0.09,79.0
ER-Reg,regular@0.15,0,fgnn_proj,25,0.096,86.0
ER-Reg,regular@0.15,0,fgnn_proj,26,0.08,83.0
ER-Reg,regular@0.15,0,fgnn_proj,27,0.072,68.0
ER-Reg,regular@0.15,0,fgnn_proj,28,0.048,66.0
ER-Reg,regular@0.15,0,fgnn_proj,29,0.084,82.0
ER-Reg,regular@0.15,0,fgnn_faq,0,0.054,822.0
ER-Reg,regular@0.15,0,fgnn_faq,1,0.156,867.0
ER-Reg,regular@0.15,0,fgnn_faq,2,0.096,842.0
ER-Reg,regular@0.15,0,fgnn_faq,3,0.12,858.0
ER-Reg,regular@0.15,0,fgnn_faq,4,0.106,838.0
ER-Reg,regular@0.15,0,fgnn_faq,5,0.066,836.0
ER-Reg,regular@0.15,0,fgnn_faq,6,0.078,827.0
ER-Reg,regular@0.15,0,fgnn_faq,7,0.032,843.0
ER-Reg,regular@0.15,0,fgnn_faq,8,0.092,830.0
ER-Reg,regular@0.15,0,fgnn_faq,9,0.122,857.0
ER-Reg,regular@0.15,0,fgnn_faq,10,0.124,859.0
ER-Reg,regular@0.15,0,fgnn_faq,11,0.058,820.0
ER-Reg,regular@0.15,0,fgnn_faq,12,0.082,849.0
ER-Reg,regular@0.15,0,fgnn_faq,13,0.194,887.0
ER-Reg,regular@0.15,0,fgnn_faq,14,0.232,912.0
ER-Reg,regular@0.15,0,fgnn_faq,15,0.098,834.0
ER-Reg,regular@0.15,0,fgnn_faq,16,0.098,844.0
ER-Reg,regular@0.15,0,fgnn_faq,17,0.126,863.0
ER-Reg,regular@0.15,0,fgnn_faq,18,0.1,853.0
ER-Reg,regular@0.15,0,fgnn_faq,19,0.072,850.0
ER-Reg,regular@0.15,0,fgnn_faq,20,0.038,854.0
ER-Reg,regular@0.15,0,fgnn_faq,21,0.162,876.0
ER-Reg,regular@0.15,0,fgnn_faq,22,0.118,842.0
ER-Reg,regular@0.15,0,fgnn_faq,23,0.122,856.0
ER-Reg,regular@0.15,0,fgnn_faq,24,0.122,860.0
ER-Reg,regular@0.15,0,fgnn_faq,25,0.118,855.0
ER-Reg,regular@0.15,0,fgnn_faq,26,0.05,847.0
ER-Reg,regular@0.15,0,fgnn_faq,27,0.056,832.0
ER-Reg,regular@0.15,0,fgnn_faq,28,0.022,830.0
ER-Reg,regular@0.15,0,fgnn_faq,29,0.1,831.0
ER-Reg,regular@0.15,0,chfgnn_proj,0,0.0,317.0
ER-Reg,regular@0.15,0,chfgnn_proj,1,0.022,312.0
ER-Reg,regular@0.15,0,chfgnn_proj,2,0.016,311.0
ER-Reg,regular@0.15,0,chfgnn_proj,3,0.004,306.0
ER-Reg,regular@0.15,0,chfgnn_proj,4,0.004,266.0
ER-Reg,regular@0.15,0,chfgnn_proj,5,0.002,310.0
ER-Reg,regular@0.15,0,chfgnn_proj,6,0.004,292.0
ER-Reg,regular@0.15,0,chfgnn_proj,7,0.008,276.0
ER-Reg,regular@0.15,0,chfgnn_proj,8,0.0,310.0
ER-Reg,regular@0.15,0,chfgnn_proj,9,0.0,289.0
ER-Reg,regular@0.15,0,chfgnn_proj,10,0.002,290.0
ER-Reg,regular@0.15,0,chfgnn_proj,11,0.004,292.0
ER-Reg,regular@0.15,0,chfgnn_proj,12,0.006,289.0
ER-Reg,regular@0.15,0,chfgnn_proj,13,0.006,278.0
ER-Reg,regular@0.15,0,chfgnn_proj,14,0.0,290.0
ER-Reg,regular@0.15,0,chfgnn_proj,15,0.002,281.0
ER-Reg,regular@0.15,0,chfgnn_proj,16,0.0,300.0
ER-Reg,regular@0.15,0,chfgnn_proj,17,0.006,301.0
ER-Reg,regular@0.15,0,chfgnn_proj,18,0.004,305.0
ER-Reg,regular@0.15,0,chfgnn_proj,19,0.0,320.0
ER-Reg,regular@0.15,0,chfgnn_proj,20,0.002,300.0
ER-Reg,regular@0.15,0,chfgnn_proj,21,0.01,316.0
ER-Reg,regular@0.15,0,chfgnn_proj,22,0.012,291.0
ER-Reg,regular@0.15,0,chfgnn_proj,23,0.004,290.0
ER-Reg,regular@0.15,0,chfgnn_proj,24,0.004,290.0
ER-Reg,regular@0.15,0,chfgnn_proj,25,0.006,289.0
ER-Reg,regular@0.15,0,chfgnn_proj,26,0.008,310.0
ER-Reg,regular@0.15,0,chfgnn_proj,27,0.002,284.0
ER-Reg,regular@0.15,0,chfgnn_proj,28,0.0,295.0
ER-Reg,regular@0.15,0,chfgnn_proj,29,0.0,287.0
ER-Reg,regular@0.15,0,chfgnn_faq,0,0.0,868.0
ER-Reg,regular@0.15,0,chfgnn_faq,1,0.016,881.0
ER-Reg,regular@0.15,0,chfgnn_faq,2,0.004,862.0
ER-Reg,regular@0.15,0,chfgnn_faq,3,0.0,881.0
ER-Reg,regular@0.15,0,chfgnn_faq,4,0.0,862.0
ER-Reg,regular@0.15,0,chfgnn_faq,5,0.002,869.0
ER-Reg,regular@0.15,0,chfgnn_faq,6,0.004,865.0
ER-Reg,regular@0.15,0,chfgnn_faq,7,0.002,859.0
ER-Reg,regular@0.15,0,chfgnn_faq,8,0.0,858.0
ER-Reg,regular@0.15,0,chfgnn_faq,9,0.004,862.0
ER-Reg,regular@0.15,0,chfgnn_faq,10,0.0,865.0
ER-Reg,regular@0.15,0,chfgnn_faq,11,0.0,870.0
ER-Reg,regular@0.15,0,chfgnn_faq,12,0.0,857.0
ER-Reg,regular@0.15,0,chfgnn_faq,13,0.0,861.0
ER-Reg,regular@0.15,0,chfgnn_faq,14,0.0,870.0
ER-Reg,regular@0.15,0,chfgnn_faq,15,0.002,868.0
ER-Reg,regular@0.15,0,chfgnn_faq,16,0.0,872.0
ER-Reg,regular@0.15,0,chfgnn_faq,17,0.004,863.0
ER-Reg,regular@0.15,0,chfgnn_faq,18,0.0,856.0
ER-Reg,regular@0.15,0,chfgnn_faq,19,0.0,871.0
ER-Reg,regular@0.15,0,chfgnn_faq,20,0.006,865.0
ER-Reg,regular@0.15,0,chfgnn_faq,21,0.01,861.0
ER-Reg,regular@0.15,0,chfgnn_faq,22,0.006,850.0
ER-Reg,regular@0.15,0,chfgnn_faq,23,0.002,858.0
ER-Reg,regular@0.15,0,chfgnn_faq,24,0.0,871.0
ER-Reg,regular@0.15,0,chfgnn_faq,25,0.012,872.0
ER-Reg,regular@0.15,0,chfgnn_faq,26,0.002,872.0
ER-Reg,regular@0.15,0,chfgnn_faq,27,0.002,861.0
ER-Reg,regular@0.15,0,chfgnn_faq,28,0.002,874.0
ER-Reg,regular@0.15,0,chfgnn_faq,29,0.006,855.0
ER-Reg,regular@0.2,0,proj_dcx,0,0.004,48.0
ER-Reg,regular@0.2,0,proj_dcx,1,0.0,48.0
ER-Reg,regular@0.2,0,proj_dcx,2,0.004,57.0
ER-Reg,regular@0.2,0,proj_dcx,3,0.002,52.0
ER-Reg,regular@0.2,0,proj_dcx,4,0.004,42.0
ER-Reg,regular@0.2,0,proj_dcx,5,0.002,45.0
ER-Reg,regular@0.2,0,proj_dcx,6,0.002,66.0
ER-Reg,regular@0.2,0,proj_dcx,7,0.0,41.0
ER-Reg,regular@0.2,0,proj_dcx,8,0.006,54.0
ER-Reg,regular@0.2,0,proj_dcx,9,0.008,45.0
ER-Reg,regular@0.2,0,proj_dcx,10,0.0,54.0
ER-Reg,regular@0.2,0,proj_dcx,11,0.006,55.0
ER-Reg,regular@0.2,0,proj_dcx,12,0.0,53.0
ER-Reg,regular@0.2,0,proj_dcx,13,0.0,46.0
ER-Reg,regular@0.2,0,proj_dcx,14,0.004,40.0
ER-Reg,regular@0.2,0,proj_dcx,15,0.002,46.0
ER-Reg,regular@0.2,0,proj_dcx,16,0.0,39.0
ER-Reg,regular@0.2,0,proj_dcx,17,0.0,46.0
ER-Reg,regular@0.2,0,proj_dcx,18,0.002,44.0
ER-Reg,regular@0.2,0,proj_dcx,19,0.0,52.0
ER-Reg,regular@0.2,0,proj_dcx,20,0.004,40.0
ER-Reg,regular@0.2,0,proj_dcx,21,0.006,47.0
ER-Reg,regular@0.2,0,proj_dcx,22,0.002,66.0
ER-Reg,regular@0.2,0,proj_dcx,23,0.002,49.0
ER-Reg,regular@0.2,0,proj_dcx,24,0.0,43.0
ER-Reg,regular@0.2,0,proj_dcx,25,0.0,60.0
ER-Reg,regular@0.2,0,proj_dcx,26,0.0,48.0
ER-Reg,regular@0.2,0,proj_dcx,27,0.004,46.0
ER-Reg,regular@0.2,0,proj_dcx,28,0.002,57.0
ER-Reg,regular@0.2,0,proj_dcx,29,0.002,69.0
ER-Reg,regular@0.2,0,faq_dcx,0,0.006,805.0
ER-Reg,regular@0.2,0,faq_dcx,1,0.002,47.0
ER-Reg,regular@0.2,0,faq_dcx,2,0.0,41.0
ER-Reg,regular@0.2,0,faq_dcx,3,0.002,845.0
ER-Reg,regular@0.2,0,faq_dcx,4,0.004,46.0
ER-Reg,regular@0.2,0,faq_dcx,5,0.002,44.0
ER-Reg,regular@0.2,0,faq_dcx,6,0.004,38.0
ER-Reg,regular@0.2,0,faq_dcx,7,0.002,41.0
ER-Reg,regular@0.2,0,faq_dcx,8,0.0,43.0
ER-Reg,regular@0.2,0,faq_dcx,9,0.0,826.0
ER-Reg,regular@0.2,0,faq_dcx,10,0.006,38.0
ER-Reg,regular@0.2,0,faq_dcx,11,0.002,49.0
ER-Reg,regular@0.2,0,faq_dcx,12,0.0,850.0
ER-Reg,regular@0.2,0,faq_dcx,13,0.0,47.0
ER-Reg,regular@0.2,0,faq_dcx,14,0.0,835.0
ER-Reg,regular@0.2,0,faq_dcx,15,0.004,827.0
ER-Reg,regular@0.2,0,faq_dcx,16,0.0,39.0
ER-Reg,regular@0.2,0,faq_dcx,17,0.002,834.0
ER-Reg,regular@0.2,0,faq_dcx,18,0.004,42.0
ER-Reg,regular@0.2,0,faq_dcx,19,0.0,41.0
ER-Reg,regular@0.2,0,faq_dcx,20,0.004,42.0
ER-Reg,regular@0.2,0,faq_dcx,21,0.0,835.0
ER-Reg,regular@0.2,0,faq_dcx,22,0.0,830.0
ER-Reg,regular@0.2,0,faq_dcx,23,0.0,35.0
ER-Reg,regular@0.2,0,faq_dcx,24,0.0,831.0
ER-Reg,regular@0.2,0,faq_dcx,25,0.0,819.0
ER-Reg,regular@0.2,0,faq_dcx,26,0.002,830.0
ER-Reg,regular@0.2,0,faq_dcx,27,0.004,832.0
ER-Reg,regular@0.2,0,faq_dcx,28,0.004,39.0
ER-Reg,regular@0.2,0,faq_dcx,29,0.0,811.0
ER-Reg,regular@0.2,0,fgnn_proj,0,0.068,76.0
ER-Reg,regular@0.2,0,fgnn_proj,1,0.068,66.0
ER-Reg,regular@0.2,0,fgnn_proj,2,0.08,76.0
ER-Reg,regular@0.2,0,fgnn_proj,3,0.07,62.0
ER-Reg,regular@0.2,0,fgnn_proj,4,0.058,74.0
ER-Reg,regular@0.2,0,fgnn_proj,5,0.072,86.0
ER-Reg,regular@0.2,0,fgnn_proj,6,0.086,59.0
ER-Reg,regular@0.2,0,fgnn_proj,7,0.074,71.0
ER-Reg,regular@0.2,0,fgnn_proj,8,0.064,72.0
ER-Reg,regular@0.2,0,fgnn_proj,9,0.062,71.0
ER-Reg,regular@0.2,0,fgnn_proj,10,0.056,71.0
ER-Reg,regular@0.2,0,fgnn_proj,11,0.072,70.0
ER-Reg,regular@0.2,0,fgnn_proj,12,0.068,63.0
ER-Reg,regular@0.2,0,fgnn_proj,13,0.066,66.0
ER-Reg,regular@0.2,0,fgnn_proj,14,0.07,67.0
ER-Reg,regular@0.2,0,fgnn_proj,15,0.082,85.0
ER-Reg,regular@0.2,0,fgnn_proj,16,0.076,70.0
ER-Reg,regular@0.2,0,fgnn_proj,17,0.05,62.0
ER-Reg,regular@0.2,0,fgnn_proj,18,0.076,77.0
ER-Reg,regular@0.2,0,fgnn_proj,19,0.066,90.0
ER-Reg,regular@0.2,0,fgnn_proj,20,0.054,80.0
ER-Reg,regular@0.2,0,fgnn_proj,21,0.07,65.0
ER-Reg,regular@0.2,0,fgnn_proj,22,0.074,72.0
ER-Reg,regular@0.2,0,fgnn_proj,23,0.07,71.0
ER-Reg,regular@0.2,0,fgnn_proj,24,0.082,68.0
ER-Reg,regular@0.2,0,fgnn_proj,25,0.048,77.0
ER-Reg,regular@0.2,0,fgnn_proj,26,0.076,84.0
ER-Reg,regular@0.2,0,fgnn_proj,27,0.064,69.0
ER-Reg,regular@0.2,0,fgnn_proj,28,0.06,66.0
ER-Reg,regular@0.2,0,fgnn_proj,29,0.068,74.0
ER-Reg,regular@0.2,0,fgnn_faq,0,0.034,846.0
ER-Reg,regular@0.2,0,fgnn_faq,1,0.046,838.0
ER-Reg,regular@0.2,0,fgnn_faq,2,0.024,840.0
ER-Reg,regular@0.2,0,fgnn_faq,3,0.016,840.0
ER-Reg,regular@0.2,0,fgnn_faq,4,0.026,826.0
ER-Reg,regular@0.2,0,fgnn_faq,5,0.04,829.0
ER-Reg,regular@0.2,0,fgnn_faq,6,0.03,831.0
ER-Reg,regular@0.2,0,fgnn_faq,7,0.028,822.0
ER-Reg,regular@0.2,0,fgnn_faq,8,0.028,841.0
ER-Reg,regular@0.2,0,fgnn_faq,9,0.014,827.0
ER-Reg,regular@0.2,0,fgnn_faq,10,0.006,827.0
ER-Reg,regular@0.2,0,fgnn_faq,11,0.034,824.0
ER-Reg,regular@0.2,0,fgnn_faq,12,0.012,827.0
ER-Reg,regular@0.2,0,fgnn_faq,13,0.044,841.0
ER-Reg,regular@0.2,0,fgnn_faq,14,0.04,823.0
ER-Reg,regular@0.2,0,fgnn_faq,15,0.036,833.0
ER-Reg,regular@0.2,0,fgnn_faq,16,0.078,839.0
ER-Reg,regular@0.2,0,fgnn_faq,17,0.014,829.0
ER-Reg,regular@0.2,0,fgnn_faq,18,0.028,840.0
ER-Reg,regular@0.2,0,fgnn_faq,19,0.024,828.0
ER-Reg,regular@0.2,0,fgnn_faq,20,0.038,843.0
ER-Reg,regular@0.2,0,fgnn_faq,21,0.038,837.0
ER-Reg,regular@0.2,0,fgnn_faq,22,0.046,836.0
ER-Reg,regular@0.2,0,fgnn_faq,23,0.022,832.0
ER-Reg,regular@0.2,0,fgnn_faq,24,0.03,831.0
ER-Reg,regular@0.2,0,fgnn_faq,25,0.008,842.0
ER-Reg,regular@0.2,0,fgnn_faq,26,0.068,834.0
ER-Reg,regular@0.2,0,fgnn_faq,27,0.06,841.0
ER-Reg,regular@0.2,0,fgnn_faq,28,0.012,832.0
ER-Reg,regular@0.2,0,fgnn_faq,29,0.024,832.0
ER-Reg,regular@0.2,0,chfgnn_proj,0,0.002,290.0
ER-Reg,regular@0.2,0,chfgnn_proj,1,0.002,278.0
ER-Reg,regular@0.2,0,chfgnn_proj,2,0.004,287.0
ER-Reg,regular@0.2,0,chfgnn_proj,3,0.002,272.0
ER-Reg,regular@0.2,0,chfgnn_proj,4,0.0,307.0
ER-Reg,regular@0.2,0,chfgnn_proj,5,0.004,321.0
ER-Reg,regular@0.2,0,chfgnn_proj,6,0.0,294.0
ER-Reg,regular@0.2,0,chfgnn_proj,7,0.002,256.0
ER-Reg,regular@0.2,0,chfgnn_proj,8,0.016,291.0
ER-Reg,regular@0.2,0,chfgnn_proj,9,0.002,278.0
ER-Reg,regular@0.2,0,chfgnn_proj,10,0.002,317.0
ER-Reg,regular@0.2,0,chfgnn_proj,11,0.004,266.0
ER-Reg,regular@0.2,0,chfgnn_proj,12,0.004,263.0
ER-Reg,regular@0.2,0,chfgnn_proj,13,0.01,307.0
ER-Reg,regular@0.2,0,chfgnn_proj,14,0.004,278.0
ER-Reg,regular@0.2,0,chfgnn_proj,15,0.004,292.0
ER-Reg,regular@0.2,0,chfgnn_proj,16,0.002,306.0
ER-Reg,regular@0.2,0,chfgnn_proj,17,0.002,290.0
ER-Reg,regular@0.2,0,chfgnn_proj,18,0.0,249.0
ER-Reg,regular@0.2,0,chfgnn_proj,19,0.01,295.0
ER-Reg,regular@0.2,0,chfgnn_proj,20,0.002,301.0
ER-Reg,regular@0.2,0,chfgnn_proj,21,0.002,309.0
ER-Reg,regular@0.2,0,chfgnn_proj,22,0.002,292.0
ER-Reg,regular@0.2,0,chfgnn_proj,23,0.008,303.0
ER-Reg,regular@0.2,0,chfgnn_proj,24,0.006,301.0
ER-Reg,regular@0.2,0,chfgnn_proj,25,0.008,292.0
ER-Reg,regular@0.2,0,chfgnn_proj,26,0.002,316.0
ER-Reg,regular@0.2,0,chfgnn_proj,27,0.0,292.0
ER-Reg,regular@0.2,0,chfgnn_proj,28,0.0,284.0
ER-Reg,regular@0.2,0,chfgnn_proj,29,0.002,288.0
ER-Reg,regular@0.2,0,chfgnn_faq,0,0.004,866.0
ER-Reg,regular@0.2,0,chfgnn_faq,1,0.0,868.0
ER-Reg,regular@0.2,0,chfgnn_faq,2,0.002,868.0
ER-Reg,regular@0.2,0,chfgnn_faq,3,0.0,864.0
ER-Reg,regular@0.2,0,chfgnn_faq,4,0.0,864.0
ER-Reg,regular@0.2,0,chfgnn_faq,5,0.002,867.0
ER-Reg,regular@0.2,0,chfgnn_faq,6,0.0,876.0
ER-Reg,regular@0.2,0,chfgnn_faq,7,0.002,866.0
ER-Reg,regular@0.2,0,chfgnn_faq,8,0.014,858.0
ER-Reg,regular@0.2,0,chfgnn_faq,9,0.0,862.0
ER-Reg,regular@0.2,0,chfgnn_faq,10,0.0,870.0
ER-Reg,regular@0.2,0,chfgnn_faq,11,0.002,882.0
ER-Reg,regular@0.2,0,chfgnn_faq,12,0.002,872.0
ER-Reg,regular@0.2,0,chfgnn_faq,13,0.004,853.0
ER-Reg,regular@0.2,0,chfgnn_faq,14,0.004,856.0
ER-Reg,regular@0.2,0,chfgnn_faq,15,0.0,879.0
ER-Reg,regular@0.2,0,chfgnn_faq,16,0.002,882.0
ER-Reg,regular@0.2,0,chfgnn_faq,17,0.002,875.0
ER-Reg,regular@0.2,0,chfgnn_faq,18,0.006,864.0
ER-Reg,regular@0.2,0,chfgnn_faq,19,0.004,872.0
ER-Reg,regular@0.2,0,chfgnn_faq,20,0.002,865.0
ER-Reg,regular@0.2,0,chfgnn_faq,21,0.008,875.0
ER-Reg,regular@0.2,0,chfgnn_faq,22,0.004,868.0
ER-Reg,regular@0.2,0,chfgnn_faq,23,0.008,862.0
ER-Reg,regular@0.2,0,chfgnn_faq,24,0.0,879.0
ER-Reg,regular@0.2,0,chfgnn_faq,25,0.002,863.0
ER-Reg,regular@0.2,0,chfgnn_faq,26,0.002,865.0
ER-Reg,regular@0.2,0,chfgnn_faq,27,0.004,879.0
ER-Reg,regular@0.2,0,chfgnn_faq,28,0.002,878.0
ER-Reg,regular@0.2,0,chfgnn_faq,29,0.002,863.0
realworld-noisy,ca-netscience@0.1,0,faq_dcx,0,0.6306,824.0
realworld-noisy,ca-netscience@0.1,0,faq_dcx,1,0.6042,806.0
realworld-noisy,ca-netscience@0.1,0,faq_dcx,2,0.6412,814.0
realworld-noisy,ca-netscience@0.1,0,faq_dcx,3,0.6016,796.0
realworld-noisy,ca-netscience@0.1,0,faq_dcx,4,0.6174,805.0
realworld-noisy,ca-netscience@0.1,0,faq_dcx,5,0.6332,820.0
realworld-noisy,ca-netscience@0.1,0,faq_dcx,6,0.6596,835.0
realworld-noisy,ca-netscience@0.1,0,faq_dcx,7,0.6332,814.0
realworld-noisy,ca-netscience@0.1,0,faq_dcx,8,0.6359,806.0
realworld-noisy,ca-netscience@0.1,0,faq_dcx,9,0.715,830.0
realworld-noisy,ca-netscience@0.1,0,faq_dcx,10,0.6491,809.0
realworld-noisy,ca-netscience@0.1,0,faq_dcx,11,0.657,820.0
realworld-noisy,ca-netscience@0.1,0,faq_dcx,12,0.6675,818.0
realworld-noisy,ca-netscience@0.1,0,faq_dcx,13,0.5567,806.0
realworld-noisy,ca-netscience@0.1,0,faq_dcx,14,0.6464,823.0
realworld-noisy,ca-netscience@0.1,0,faq_dcx,15,0.5884,800.0
realworld-noisy,ca-netscience@0.1,0,faq_dcx,16,0.6306,823.0
realworld-noisy,ca-netscience@0.1,0,faq_dcx,17,0.6807,839.0
realworld-noisy,ca-netscience@0.1,0,faq_dcx,18,0.6359,818.0
realworld-noisy,ca-netscience@0.1,0,faq_dcx,19,0.6834,829.0
realworld-noisy,ca-netscience@0.1,0,max,0,,827.0
realworld-noisy,ca-netscience@0.1,0,max,1,,811.0
realworld-noisy,ca-netscience@0.1,0,max,2,,821.0
realworld-noisy,ca-netscience@0.1,0,max,3,,809.0
realworld-noisy,ca-netscience@0.1,0,max,4,,823.0
realworld-noisy,ca-netscience@0.1,0,max,5,,827.0
realworld-noisy,ca-netscience@0.1,0,max,6,,839.0
realworld-noisy,ca-netscience@0.1,0,max,7,,821.0
realworld-noisy,ca-netscience@0.1,0,max,8,,815.0
realworld-noisy,ca-netscience@0.1,0,max,9,,831.0
realworld-noisy,ca-netscience@0.1,0,max,10,,818.0
realworld-noisy,ca-netscience@0.1,0,max,11,,827.0
realworld-noisy,ca-netscience@0.1,0,max,12,,822.0
realworld-noisy,ca-netscience@0.1,0,max,13,,816.0
realworld-noisy,ca-netscience@0.1,0,max,14,,823.0
realworld-noisy,ca-netscience@0.1,0,max,15,,817.0
realworld-noisy,ca-netscience@0.1,0,max,16,,828.0
realworld-noisy,ca-netscience@0.1,0,max,17,,840.0
realworld-noisy,ca-netscience@0.1,0,max,18,,820.0
realworld-noisy,ca-netscience@0.1,0,max,19,,834.0
realworld-noisy,ca-netscience@0.1,0,chfgnn,0,0.6781,824.0
realworld-noisy,ca-netscience@0.1,0,chfgnn,1,0.6359,808.0
realworld-noisy,ca-netscience@0.1,0,chfgnn,2,0.6834,818.0
realworld-noisy,ca-netscience@0.1,0,chfgnn,3,0.6121,808.0
realworld-noisy,ca-netscience@0.1,0,chfgnn,4,0.6728,820.0
realworld-noisy,ca-netscience@0.1,0,chfgnn,5,0.6702,826.0
realworld-noisy,ca-netscience@0.1,0,chfgnn,6,0.6939,836.0
realworld-noisy,ca-netscience@0.1,0,chfgnn,7,0.6544,820.0
realworld-noisy,ca-netscience@0.1,0,chfgnn,8,0.6807,815.0
realworld-noisy,ca-netscience@0.1,0,chfgnn,9,0.6939,829.0
realworld-noisy,ca-netscience@0.1,0,chfgnn,10,0.6649,818.0
realworld-noisy,ca-netscience@0.1,0,chfgnn,11,0.6755,827.0
realworld-noisy,ca-netscience@0.1,0,chfgnn,12,0.7124,817.0
realworld-noisy,ca-netscience@0.1,0,chfgnn,13,0.686,812.0
realworld-noisy,ca-netscience@0.1,0,chfgnn,14,0.6755,821.0
realworld-noisy,ca-netscience@0.1,0,chfgnn,15,0.6966,811.0
realworld-noisy,ca-netscience@0.1,0,chfgnn,16,0.6201,828.0
realworld-noisy,ca-netscience@0.1,0,chfgnn,17,0.6913,840.0
realworld-noisy,ca-netscience@0.1,0,chfgnn,18,0.7018,818.0
realworld-noisy,ca-netscience@0.1,0,chfgnn,19,0.6306,832.0
realworld-noisy,ca-netscience@0.1,0,chfgnn_er4,0,0.6121,818.0
realworld-noisy,ca-netscience@0.1,0,chfgnn_er4,1,0.6332,810.0
realworld-noisy,ca-netscience@0.1,0,chfgnn_er4,2,0.5726,805.0
realworld-noisy,ca-netscience@0.1,0,chfgnn_er4,3,0.6412,797.0
realworld-noisy,ca-netscience@0.1,0,chfgnn_er4,4,0.6069,806.0
realworld-noisy,ca-netscience@0.1,0,chfgnn_er4,5,0.6464,822.0
realworld-noisy,ca-netscience@0.1,0,chfgnn_er4,6,0.6623,822.0
realworld-noisy,ca-netscience@0.1,0,chfgnn_er4,7,0.6491,812.0
realworld-noisy,ca-netscience@0.1,0,chfgnn_er4,8,0.6016,801.0
realworld-noisy,ca-netscience@0.1,0,chfgnn_er4,9,0.6755,821.0
realworld-noisy,ca-netscience@0.1,0,chfgnn_er4,10,0.5937,803.0
realworld-noisy,ca-netscience@0.1,0,chfgnn_er4,11,0.6491,819.0
realworld-noisy,ca-netscience@0.1,0,chfgnn_er4,12,0.7018,813.0
realworld-noisy,ca-netscience@0.1,0,chfgnn_er4,13,0.5409,796.0
realworld-noisy,ca-netscience@0.1,0,chfgnn_er4,14,0.6913,820.0
realworld-noisy,ca-netscience@0.1,0,chfgnn_er4,15,0.6332,805.0
realworld-noisy,ca-netscience@0.1,0,chfgnn_er4,16,0.628,814.0
realworld-noisy,ca-netscience@0.1,0,chfgnn_er4,17,0.6438,839.0
realworld-noisy,ca-netscience@0.1,0,chfgnn_er4,18,0.6464,816.0
realworld-noisy,ca-netscience@0.1,0,chfgnn_er4,19,0.6675,831.0
realworld-noisy,ca-netscience@0.2,0,faq_dcx,0,0.467,707.0
realworld-noisy,ca-netscience@0.2,0,faq_dcx,1,0.4617,689.0
realworld-noisy,ca-netscience@0.2,0,faq_dcx,2,0.4169,660.0
realworld-noisy,ca-netscience@0.2,0,faq_dcx,3,0.4934,694.0
realworld-noisy,ca-netscience@0.2,0,faq_dcx,4,0.3799,637.0
realworld-noisy,ca-netscience@0.2,0,faq_dcx,5,0.3641,657.0
realworld-noisy,ca-netscience@0.2,0,faq_dcx,6,0.4776,703.0
realworld-noisy,ca-netscience@0.2,0,faq_dcx,7,0.5145,710.0
realworld-noisy,ca-netscience@0.2,0,faq_dcx,8,0.5277,687.0
realworld-noisy,ca-netscience@0.2,0,faq_dcx,9,0.4195,659.0
realworld-noisy,ca-netscience@0.2,0,faq_dcx,10,0.3509,634.0
realworld-noisy,ca-netscience@0.2,0,faq_dcx,11,0.4723,695.0
realworld-noisy,ca-netscience@0.2,0,faq_dcx,12,0.4459,696.0
realworld-noisy,ca-netscience@0.2,0,faq_dcx,13,0.4987,700.0
realworld-noisy,ca-netscience@0.2,0,faq_dcx,14,0.4908,712.0
realworld-noisy,ca-netscience@0.2,0,faq_dcx,15,0.438,686.0
realworld-noisy,ca-netscience@0.2,0,faq_dcx,16,0.3325,662.0
realworld-noisy,ca-netscience@0.2,0,faq_dcx,17,0.5277,698.0
realworld-noisy,ca-netscience@0.2,0,faq_dcx,18,0.4011,667.0
realworld-noisy,ca-netscience@0.2,0,faq_dcx,19,0.5594,745.0
realworld-noisy,ca-netscience@0.2,0,max,0,,744.0
realworld-noisy,ca-netscience@0.2,0,max,1,,730.0
realworld-noisy,ca-netscience@0.2,0,max,2,,706.0
realworld-noisy,ca-netscience@0.2,0,max,3,,733.0
realworld-noisy,ca-netscience@0.2,0,max,4,,728.0
realworld-noisy,ca-netscience@0.2,0,max,5,,719.0
realworld-noisy,ca-netscience@0.2,0,max,6,,742.0
realworld-noisy,ca-netscience@0.2,0,max,7,,744.0
realworld-noisy,ca-netscience@0.2,0,max,8,,742.0
realworld-noisy,ca-netscience@0.2,0,max,9,,724.0
realworld-noisy,ca-netscience@0.2,0,max,10,,709.0
realworld-noisy,ca-netscience@0.2,0,max,11,,741.0
realworld-noisy,ca-netscience@0.2,0,max,12,,733.0
realworld-noisy,ca-netscience@0.2,0,max,13,,726.0
realworld-noisy,ca-netscience@0.2,0,max,14,,751.0
realworld-noisy,ca-netscience@0.2,0,max,15,,731.0
realworld-noisy,ca-netscience@0.2,0,max,16,,737.0
realworld-noisy,ca-netscience@0.2,0,max,17,,739.0
realworld-noisy,ca-netscience@0.2,0,max,18,,724.0
realworld-noisy,ca-netscience@0.2,0,max,19,,752.0
realworld-noisy,ca-netscience@0.2,0,chfgnn,0,0.5726,738.0
realworld-noisy,ca-netscience@0.2,0,chfgnn,1,0.5963,723.0
realworld-noisy,ca-netscience@0.2,0,chfgnn,2,0.5462,695.0
realworld-noisy,ca-netscience@0.2,0,chfgnn,3,0.6095,730.0
realworld-noisy,ca-netscience@0.2,0,chfgnn,4,0.5989,720.0
realworld-noisy,ca-netscience@0.2,0,chfgnn,5,0.591,712.0
realworld-noisy,ca-netscience@0.2,0,chfgnn,6,0.5567,736.0
realworld-noisy,ca-netscience@0.2,0,chfgnn,7,0.6174,734.0
realworld-noisy,ca-netscience@0.2,0,chfgnn,8,0.6438,733.0
realworld-noisy,ca-netscience@0.2,0,chfgnn,9,0.6148,717.0
realworld-noisy,ca-netscience@0.2,0,chfgnn,10,0.5858,703.0
realworld-noisy,ca-netscience@0.2,0,chfgnn,11,0.5726,738.0
realworld-noisy,ca-netscience@0.2,0,chfgnn,12,0.5541,721.0
realworld-noisy,ca-netscience@0.2,0,chfgnn,13,0.6069,720.0
realworld-noisy,ca-netscience@0.2,0,chfgnn,14,0.5567,741.0
realworld-noisy,ca-netscience@0.2,0,chfgnn,15,0.6464,725.0
realworld-noisy,ca-netscience@0.2,0,chfgnn,16,0.5462,715.0
realworld-noisy,ca-netscience@0.2,0,chfgnn,17,0.6464,736.0
realworld-noisy,ca-netscience@0.2,0,chfgnn,18,0.5515,713.0
realworld-noisy,ca-netscience@0.2,0,chfgnn,19,0.6464,743.0
realworld-noisy,ca-netscience@0.2,0,chfgnn_er4,0,0.4934,708.0
realworld-noisy,ca-netscience@0.2,0,chfgnn_er4,1,0.438,667.0
realworld-noisy,ca-netscience@0.2,0,chfgnn_er4,2,0.438,672.0
realworld-noisy,ca-netscience@0.2,0,chfgnn_er4,3,0.5646,713.0
realworld-noisy,ca-netscience@0.2,0,chfgnn_er4,4,0.3773,667.0
realworld-noisy,ca-netscience@0.2,0,chfgnn_er4,5,0.3747,649.0
realworld-noisy,ca-netscience@0.2,0,chfgnn_er4,6,0.4855,706.0
realworld-noisy,ca-netscience@0.2,0,chfgnn_er4,7,0.4591,704.0
realworld-noisy,ca-netscience@0.2,0,chfgnn_er4,8,0.5013,699.0
realworld-noisy,ca-netscience@0.2,0,chfgnn_er4,9,0.4433,673.0
realworld-noisy,ca-netscience@0.2,0,chfgnn_er4,10,0.409,649.0
realworld-noisy,ca-netscience@0.2,0,chfgnn_er4,11,0.5251,714.0
realworld-noisy,ca-netscience@0.2,0,chfgnn_er4,12,0.4142,689.0
realworld-noisy,ca-netscience@0.2,0,chfgnn_er4,13,0.4881,699.0
realworld-noisy,ca-netscience@0.2,0,chfgnn_er4,14,0.5251,711.0
realworld-noisy,ca-netscience@0.2,0,chfgnn_er4,15,0.409,683.0
realworld-noisy,ca-netscience@0.2,0,chfgnn_er4,16,0.4274,688.0
realworld-noisy,ca-netscience@0.2,0,chfgnn_er4,17,0.496,698.0
realworld-noisy,ca-netscience@0.2,0,chfgnn_er4,18,0.409,687.0
realworld-noisy,ca-netscience@0.2,0,chfgnn_er4,19,0.5145,723.0
realworld-noisy,inf-euroroad@0.1,0,faq_dcx,0,0.6048,1201.0
realworld-noisy,inf-euroroad@0.1,0,faq_dcx,1,0.615,1176.0
realworld-noisy,inf-euroroad@0.1,0,faq_dcx,2,0.5545,1151.0
realworld-noisy,inf-euroroad@0.1,0,faq_dcx,3,0.506,1164.0
realworld-noisy,inf-euroroad@0.1,0,faq_dcx,4,0.592,1177.0
realworld-noisy,inf-euroroad@0.1,0,max,0,,1287.0
realworld-noisy,inf-euroroad@0.1,0,max,1,,1271.0
realworld-noisy,inf-euroroad@0.1,0,max,2,,1255.0
realworld-noisy,inf-euroroad@0.1,0,max,3,,1276.0
realworld-noisy,inf-euroroad@0.1,0,max,4,,1257.0
realworld-noisy,inf-euroroad@0.1,0,chfgnn,0,0.6337,1220.0
realworld-noisy,inf-euroroad@0.1,0,chfgnn,1,0.598,1199.0
realworld-noisy,inf-euroroad@0.1,0,chfgnn,2,0.5605,1182.0
realworld-noisy,inf-euroroad@0.1,0,chfgnn,3,0.5468,1185.0
realworld-noisy,inf-euroroad@0.1,0,chfgnn,4,0.6465,1200.0
realworld-noisy,inf-euroroad@0.1,0,chfgnn_er4,0,0.4676,1148.0
realworld-noisy,inf-euroroad@0.1,0,chfgnn_er4,1,0.3399,1078.0
realworld-noisy,inf-euroroad@0.1,0,chfgnn_er4,2,0.3867,1096.0
realworld-noisy,inf-euroroad@0.1,0,chfgnn_er4,3,0.3484,1085.0
realworld-noisy,inf-euroroad@0.1,0,chfgnn_er4,4,0.4412,1110.0
realworld-noisy,inf-euroroad@0.2,0,faq_dcx,0,0.1167,956.0
realworld-noisy,inf-euroroad@0.2,0,faq_dcx,1,0.1746,978.0
realworld-noisy,inf-euroroad@0.2,0,faq_dcx,2,0.2291,1008.0
realworld-noisy,inf-euroroad@0.2,0,faq_dcx,3,0.0741,936.0
realworld-noisy,inf-euroroad@0.2,0,faq_dcx,4,0.1789,982.0
realworld-noisy,inf-euroroad@0.2,0,max,0,,1144.0
realworld-noisy,inf-euroroad@0.2,0,max,1,,1135.0
realworld-noisy,inf-euroroad@0.2,0,max,2,,1153.0
realworld-noisy,inf-euroroad@0.2,0,max,3,,1127.0
realworld-noisy,inf-euroroad@0.2,0,max,4,,1149.0
realworld-noisy,inf-euroroad@0.2,0,chfgnn,0,0.132,973.0
realworld-noisy,inf-euroroad@0.2,0,chfgnn,1,0.2368,1021.0
realworld-noisy,inf-euroroad@0.2,0,chfgnn,2,0.27,1026.0
realworld-noisy,inf-euroroad@0.2,0,chfgnn,3,0.1031,956.0
realworld-noisy,inf-euroroad@0.2,0,chfgnn,4,0.1567,990.0
realworld-noisy,inf-euroroad@0.2,0,chfgnn_er4,0,0.1388,959.0
realworld-noisy,inf-euroroad@0.2,0,chfgnn_er4,1,0.1525,977.0
realworld-noisy,inf-euroroad@0.2,0,chfgnn_er4,2,0.2402,1042.0
realworld-noisy,inf-euroroad@0.2,0,chfgnn_er4,3,0.0767,965.0
realworld-noisy,inf-euroroad@0.2,0,chfgnn_er4,4,0.069,957.0
realworld-noisy,yeast25LC@0.05,0,faq_dcx,0,0.6285,7860.0
realworld-noisy,yeast25LC@0.05,0,faq_dcx,1,0.6624,7912.0
realworld-noisy,yeast25LC@0.05,0,faq_dcx,2,0.6384,7852.0
realworld-noisy,yeast25LC@0.05,0,faq_dcx,3,0.6683,7874.0
realworld-noisy,yeast25LC@0.05,0,faq_dcx,4,0.6753,7910.0
realworld-noisy,yeast25LC@0.05,0,faq_dcx,5,0.6534,7920.0
realworld-noisy,yeast25LC@0.05,0,faq_dcx,6,0.6355,7877.0
realworld-noisy,yeast25LC@0.05,0,faq_dcx,7,0.6524,7856.0
realworld-noisy,yeast25LC@0.05,0,faq_dcx,8,0.6265,7833.0
realworld-noisy,yeast25LC@0.05,0,faq_dcx,9,0.6902,7917.0
realworld-noisy,yeast25LC@0.05,0,faq_dcx,10,0.6394,7837.0
realworld-noisy,yeast25LC@0.05,0,faq_dcx,11,0.6325,7862.0
realworld-noisy,yeast25LC@0.05,0,faq_dcx,12,0.5956,7850.0
realworld-noisy,yeast25LC@0.05,0,faq_dcx,13,0.6315,7848.0
realworld-noisy,yeast25LC@0.05,0,faq_dcx,14,0.6743,7934.0
realworld-noisy,yeast25LC@0.05,0,faq_dcx,15,0.6205,7882.0
realworld-noisy,yeast25LC@0.05,0,faq_dcx,16,0.6873,7878.0
realworld-noisy,yeast25LC@0.05,0,faq_dcx,17,0.6843,7836.0
realworld-noisy,yeast25LC@0.05,0,faq_dcx,18,0.6484,7863.0
realworld-noisy,yeast25LC@0.05,0,faq_dcx,19,0.6454,7858.0
realworld-noisy,yeast25LC@0.05,0,max,0,,7906.0
realworld-noisy,yeast25LC@0.05,0,max,1,,7942.0
realworld-noisy,yeast25LC@0.05,0,max,2,,7894.0
realworld-noisy,yeast25LC@0.05,0,max,3,,7931.0
realworld-noisy,yeast25LC@0.05,0,max,4,,7937.0
realworld-noisy,yeast25LC@0.05,0,max,5,,7956.0
realworld-noisy,yeast25LC@0.05,0,max,6,,7930.0
realworld-noisy,yeast25LC@0.05,0,max,7,,7866.0
realworld-noisy,yeast25LC@0.05,0,max,8,,7910.0
realworld-noisy,yeast25LC@0.05,0,max,9,,7939.0
realworld-noisy,yeast25LC@0.05,0,max,10,,7890.0
realworld-noisy,yeast25LC@0.05,0,max,11,,7908.0
realworld-noisy,yeast25LC@0.05,0,max,12,,7939.0
realworld-noisy,yeast25LC@0.05,0,max,13,,7915.0
realworld-noisy,yeast25LC@0.05,0,max,14,,7965.0
realworld-noisy,yeast25LC@0.05,0,max,15,,7934.0
realworld-noisy,yeast25LC@0.05,0,max,16,,7912.0
realworld-noisy,yeast25LC@0.05,0,max,17,,7881.0
realworld-noisy,yeast25LC@0.05,0,max,18,,7920.0
realworld-noisy,yeast25LC@0.05,0,max,19,,7894.0
realworld-noisy,yeast25LC@0.05,0,chfgnn,0,0.5677,7837.0
realworld-noisy,yeast25LC@0.05,0,chfgnn,1,0.6066,7882.0
realworld-noisy,yeast25LC@0.05,0,chfgnn,2,0.6185,7835.0
realworld-noisy,yeast25LC@0.05,0,chfgnn,3,0.5946,7860.0
realworld-noisy,yeast25LC@0.05,0,chfgnn,4,0.6305,7876.0
realworld-noisy,yeast25LC@0.05,0,chfgnn,5,0.6016,7903.0
realworld-noisy,yeast25LC@0.05,0,chfgnn,6,0.5976,7856.0
realworld-noisy,yeast25LC@0.05,0,chfgnn,7,0.5737,7771.0
realworld-noisy,yeast25LC@0.05,0,chfgnn,8,0.6006,7839.0
realworld-noisy,yeast25LC@0.05,0,chfgnn,9,0.6215,7872.0
realworld-noisy,yeast25LC@0.05,0,chfgnn,10,0.5996,7823.0
realworld-noisy,yeast25LC@0.05,0,chfgnn,11,0.6096,7838.0
realworld-noisy,yeast25LC@0.05,0,chfgnn,12,0.5896,7864.0
realworld-noisy,yeast25LC@0.05,0,chfgnn,13,0.5916,7797.0
realworld-noisy,yeast25LC@0.05,0,chfgnn,14,0.6205,7914.0
realworld-noisy,yeast25LC@0.05,0,chfgnn,15,0.5787,7852.0
realworld-noisy,yeast25LC@0.05,0,chfgnn,16,0.6036,7834.0
realworld-noisy,yeast25LC@0.05,0,chfgnn,17,0.6434,7819.0
realworld-noisy,yeast25LC@0.05,0,chfgnn,18,0.5976,7851.0
realworld-noisy,yeast25LC@0.05,0,chfgnn,19,0.6056,7837.0
realworld-noisy,yeast25LC@0.05,0,chfgnn_er4,0,0.4612,7641.0
realworld-noisy,yeast25LC@0.05,0,chfgnn_er4,1,0.503,7709.0
realworld-noisy,yeast25LC@0.05,0,chfgnn_er4,2,0.503,7630.0
realworld-noisy,yeast25LC@0.05,0,chfgnn_er4,3,0.4631,7680.0
realworld-noisy,yeast25LC@0.05,0,chfgnn_er4,4,0.4691,7710.0
realworld-noisy,yeast25LC@0.05,0,chfgnn_er4,5,0.4631,7737.0
realworld-noisy,yeast25LC@0.05,0,chfgnn_er4,6,0.5558,7793.0
realworld-noisy,yeast25LC@0.05,0,chfgnn_er4,7,0.4661,7556.0
realworld-noisy,yeast25LC@0.05,0,chfgnn_er4,8,0.495,7698.0
realworld-noisy,yeast25LC@0.05,0,chfgnn_er4,9,0.4402,7591.0
realworld-noisy,yeast25LC@0.05,0,chfgnn_er4,10,0.4701,7632.0
realworld-noisy,yeast25LC@0.05,0,chfgnn_er4,11,0.49,7642.0
realworld-noisy,yeast25LC@0.05,0,chfgnn_er4,12,0.4781,7665.0
realworld-noisy,yeast25LC@0.05,0,chfgnn_er4,13,0.4761,7623.0
realworld-noisy,yeast25LC@0.05,0,chfgnn_er4,14,0.5488,7830.0
realworld-noisy,yeast25LC@0.05,0,chfgnn_er4,15,0.4811,7701.0
realworld-noisy,yeast25LC@0.05,0,chfgnn_er4,16,0.4821,7673.0
realworld-noisy,yeast25LC@0.05,0,chfgnn_er4,17,0.492,7610.0
realworld-noisy,yeast25LC@0.05,0,chfgnn_er4,18,0.4592,7649.0
realworld-noisy,yeast25LC@0.05,0,chfgnn_er4,19,0.4681,7603.0
realworld-noisy,yeast25LC@0.1,0,faq_dcx,0,0.5558,7418.0
realworld-noisy,yeast25LC@0.1,0,faq_dcx,1,0.5647,7405.0
realworld-noisy,yeast25LC@0.1,0,faq_dcx,2,0.5508,7426.0
realworld-noisy,yeast25LC@0.1,0,faq_dcx,3,0.5697,7423.0
realworld-noisy,yeast25LC@0.1,0,faq_dcx,4,0.5687,7502.0
realworld-noisy,yeast25LC@0.1,0,faq_dcx,5,0.5697,7440.0
realworld-noisy,yeast25LC@0.1,0,faq_dcx,6,0.5488,7449.0
realworld-noisy,yeast25LC@0.1,0,faq_dcx,7,0.5707,7447.0
realworld-noisy,yeast25LC@0.1,0,faq_dcx,8,0.5767,7416.0
realworld-noisy,yeast25LC@0.1,0,faq_dcx,9,0.5548,7421.0
realworld-noisy,yeast25LC@0.1,0,faq_dcx,10,0.5847,7425.0
realworld-noisy,yeast25LC@0.1,0,faq_dcx,11,0.5677,7426.0
realworld-noisy,yeast25LC@0.1,0,faq_dcx,12,0.5926,7473.0
realworld-noisy,yeast25LC@0.1,0,faq_dcx,13,0.5906,7448.0
realworld-noisy,yeast25LC@0.1,0,faq_dcx,14,0.5687,7402.0
realworld-noisy,yeast25LC@0.1,0,faq_dcx,15,0.5737,7422.0
realworld-noisy,yeast25LC@0.1,0,faq_dcx,16,0.5618,7418.0
realworld-noisy,yeast25LC@0.1,0,faq_dcx,17,0.5777,7450.0
realworld-noisy,yeast25LC@0.1,0,faq_dcx,18,0.5896,7461.0
realworld-noisy,yeast25LC@0.1,0,faq_dcx,19,0.5588,7419.0
realworld-noisy,yeast25LC@0.1,0,max,0,,7489.0
realworld-noisy,yeast25LC@0.1,0,max,1,,7489.0
realworld-noisy,yeast25LC@0.1,0,max,2,,7530.0
realworld-noisy,yeast25LC@0.1,0,max,3,,7511.0
realworld-noisy,yeast25LC@0.1,0,max,4,,7553.0
realworld-noisy,yeast25LC@0.1,0,max,5,,7519.0
realworld-noisy,yeast25LC@0.1,0,max,6,,7509.0
realworld-noisy,yeast25LC@0.1,0,max,7,,7515.0
realworld-noisy,yeast25LC@0.1,0,max,8,,7487.0
realworld-noisy,yeast25LC@0.1,0,max,9,,7512.0
realworld-noisy,yeast25LC@0.1,0,max,10,,7486.0
realworld-noisy,yeast25LC@0.1,0,max,11,,7495.0
realworld-noisy,yeast25LC@0.1,0,max,12,,7521.0
realworld-noisy,yeast25LC@0.1,0,max,13,,7515.0
realworld-noisy,yeast25LC@0.1,0,max,14,,7488.0
realworld-noisy,yeast25LC@0.1,0,max,15,,7518.0
realworld-noisy,yeast25LC@0.1,0,max,16,,7509.0
realworld-noisy,yeast25LC@0.1,0,max,17,,7528.0
realworld-noisy,yeast25LC@0.1,0,max,18,,7528.0
realworld-noisy,yeast25LC@0.1,0,max,19,,7509.0
realworld-noisy,yeast25LC@0.1,0,chfgnn,0,0.498,7380.0
realworld-noisy,yeast25LC@0.1,0,chfgnn,1,0.5359,7395.0
realworld-noisy,yeast25LC@0.1,0,chfgnn,2,0.5179,7430.0
realworld-noisy,yeast25LC@0.1,0,chfgnn,3,0.5289,7403.0
realworld-noisy,yeast25LC@0.1,0,chfgnn,4,0.5458,7475.0
realworld-noisy,yeast25LC@0.1,0,chfgnn,5,0.5787,7469.0
realworld-noisy,yeast25LC@0.1,0,chfgnn,6,0.4831,7375.0
realworld-noisy,yeast25LC@0.1,0,chfgnn,7,0.5269,7417.0
realworld-noisy,yeast25LC@0.1,0,chfgnn,8,0.5458,7410.0
realworld-noisy,yeast25LC@0.1,0,chfgnn,9,0.5139,7386.0
realworld-noisy,yeast25LC@0.1,0,chfgnn,10,0.5229,7395.0
realworld-noisy,yeast25LC@0.1,0,chfgnn,11,0.5219,7409.0
realworld-noisy,yeast25LC@0.1,0,chfgnn,12,0.5608,7447.0
realworld-noisy,yeast25LC@0.1,0,chfgnn,13,0.5219,7417.0
realworld-noisy,yeast25LC@0.1,0,chfgnn,14,0.5269,7396.0
realworld-noisy,yeast25LC@0.1,0,chfgnn,15,0.5279,7442.0
realworld-noisy,yeast25LC@0.1,0,chfgnn,16,0.5349,7402.0
realworld-noisy,yeast25LC@0.1,0,chfgnn,17,0.5468,7468.0
realworld-noisy,yeast25LC@0.1,0,chfgnn,18,0.497,7384.0
realworld-noisy,yeast25LC@0.1,0,chfgnn,19,0.5418,7410.0
realworld-noisy,yeast25LC@0.1,0,chfgnn_er4,0,0.4104,7232.0
realworld-noisy,yeast25LC@0.1,0,chfgnn_er4,1,0.4343,7241.0
realworld-noisy,yeast25LC@0.1,0,chfgnn_er4,2,0.4412,7311.0
realworld-noisy,yeast25LC@0.1,0,chfgnn_er4,3,0.4572,7233.0
realworld-noisy,yeast25LC@0.1,0,chfgnn_er4,4,0.4532,7307.0
realworld-noisy,yeast25LC@0.1,0,chfgnn_er4,5,0.4402,7334.0
realworld-noisy,yeast25LC@0.1,0,chfgnn_er4,6,0.4313,7295.0
realworld-noisy,yeast25LC@0.1,0,chfgnn_er4,7,0.4402,7209.0
realworld-noisy,yeast25LC@0.1,0,chfgnn_er4,8,0.4751,7286.0
realworld-noisy,yeast25LC@0.1,0,chfgnn_er4,9,0.4452,7280.0
realworld-noisy,yeast25LC@0.1,0,chfgnn_er4,10,0.3924,7170.0
realworld-noisy,yeast25LC@0.1,0,chfgnn_er4,11,0.4203,7263.0
realworld-noisy,yeast25LC@0.1,0,chfgnn_er4,12,0.4432,7282.0
realworld-noisy,yeast25LC@0.1,0,chfgnn_er4,13,0.4651,7320.0
realworld-noisy,yeast25LC@0.1,0,chfgnn_er4,14,0.4661,7282.0
realworld-noisy,yeast25LC@0.1,0,chfgnn_er4,15,0.4612,7324.0
realworld-noisy,yeast25LC@0.1,0,chfgnn_er4,16,0.4492,7301.0
realworld-noisy,yeast25LC@0.1,0,chfgnn_er4,17,0.4582,7289.0
realworld-noisy,yeast25LC@0.1,0,chfgnn_er4,18,0.4283,7270.0
realworld-noisy,yeast25LC@0.1,0,chfgnn_er4,19,0.494,7342.0
